godzina	station_id	avg_dostepne_rowery	avg_dostepne_doki	avg_popularnosc_stacji	rk
0	45	4.6310013717421125	10.3689986282578875	0.6913	1
0	62	5.8873626373626374	13.081043956043956	0.6896	2
0	47	6.4540466392318244	12.5253772290809328	0.6599	3
0	63	6.4482758620689655	12.5324137931034483	0.6603	4
0	75	6.4787379972565158	12.4910836762688615	0.6585	5
0	48	5.252400548696845	9.7393689986282579	0.6496	6
0	51	6.8115543328748281	12.1980742778541953	0.6417	7
0	41	5.3799725651577503	9.607681755829904	0.641	8
0	82	5.8010291595197256	9.2006861063464837	0.6133	9
0	76	7.5020576131687243	11.4609053497942387	0.6044	10
0	56	7.7558299039780521	11.2359396433470508	0.5916	11
0	5	7.8765432098765432	11.1083676268861454	0.5851	12
0	10	6.2537722908093278	8.7503429355281207	0.5832	13
0	32	4.5950413223140496	6.3884297520661157	0.5816	14
0	59	9.6694101508916324	13.3182441700960219	0.5794	15
0	68	8.0246913580246914	10.9643347050754458	0.5774	16
0	67	11.5377229080932785	15.4183813443072702	0.572	17
0	25	6.5006858710562414	8.5212620027434842	0.5673	18
0	27	6.5363511659807956	8.4540466392318244	0.564	19
0	83	6.611913357400722	8.3862815884476534	0.5592	20
0	21	6.663923182441701	8.3497942386831276	0.5561	21
0	58	8.4594222833562586	10.5295735900962861	0.5545	22
0	77	11.6323731138545953	14.5253772290809328	0.5553	23
0	80	6.6909090909090909	8.2958677685950413	0.5535	24
0	64	6.7050754458161866	8.2962962962962963	0.553	25
0	14	8.4910836762688615	10.50480109739369	0.553	26
0	22	12.1262002743484225	14.7764060356652949	0.5493	27
0	34	10.5555555555555556	12.3786008230452675	0.5397	28
0	42	6.8998628257887517	8.0946502057613169	0.5398	29
0	13	6.9231824417009602	8.0617283950617284	0.538	30
0	60	6.9684499314128944	8.0164609053497942	0.535	31
0	31	6.9917355371900826	8.0016528925619835	0.5337	32
0	33	7.0480109739368999	7.9396433470507545	0.5297	33
0	29	10.9519890260631001	12.0329218106995885	0.5235	34
0	37	5.2757201646090535	5.7174211248285322	0.5201	35
0	23	7.2071330589849108	7.7860082304526749	0.5193	36
0	61	12.6515775034293553	13.5582990397805213	0.5173	37
0	4	5.299039780521262	5.6831275720164609	0.5175	38
0	24	7.3072702331961591	7.6968449931412894	0.513	39
0	49	9.2866941015089163	9.700960219478738	0.5109	40
0	6	7.3415637860082305	7.6611796982167353	0.5107	41
0	28	11.2866941015089163	11.700960219478738	0.509	42
0	2	13.3100137174211248	13.635116598079561	0.506	43
0	11	9.3895747599451303	9.5925925925925926	0.5053	44
0	38	7.448559670781893	7.551440329218107	0.5034	45
0	16	7.6008230452674897	7.4087791495198903	0.4936	46
0	26	7.7037037037037037	7.2962962962962963	0.4864	47
0	71	9.7462277091906722	9.2222222222222222	0.4862	48
0	8	7.7091906721536351	7.2592592592592593	0.485	49
0	84	7.7712031558185404	7.2169625246548323	0.4815	50
0	65	7.8463648834019204	7.1481481481481481	0.4767	51
0	57	7.8545953360768176	7.1385459533607682	0.4761	52
0	66	9.9574759945130316	9.0041152263374486	0.4749	53
0	12	10.139917695473251	8.8888888888888889	0.4671	54
0	30	8.2373113854595336	6.7640603566529492	0.4509	55
0	36	8.2510288065843621	6.747599451303155	0.4499	56
0	46	8.5349794238683128	6.4471879286694102	0.4303	57
0	3	8.5637860082304527	6.4252400548696845	0.4287	58
0	9	8.6104252400548697	6.3731138545953361	0.4253	59
0	35	6.3155006858710562	4.6707818930041152	0.4251	60
0	7	8.7695473251028807	6.215363511659808	0.4148	61
0	55	13.4739010989010989	9.5027472527472527	0.4136	62
0	74	13.3155006858710562	8.8614540466392318	0.3996	63
0	39	11.6200274348422497	7.3662551440329218	0.388	64
0	73	9.2403314917127072	5.7430939226519337	0.3833	65
0	69	14.7956104252400549	8.2181069958847737	0.3571	66
0	72	15.1563786008230453	7.8120713305898491	0.3401	67
0	50	15.6159122085048011	7.3539094650205761	0.3202	68
0	70	13.2386831275720165	5.7764060356652949	0.3038	69
0	54	10.5020576131687243	4.4883401920438957	0.2994	70
1	45	4.6219178082191781	10.3753424657534247	0.6918	1
1	62	5.8834019204389575	13.0795610425240055	0.6897	2
1	47	6.426027397260274	12.5547945205479452	0.6614	3
1	63	6.4462809917355372	12.534435261707989	0.6604	4
1	75	6.4712328767123288	12.4986301369863014	0.6589	5
1	48	5.2643835616438356	9.7301369863013699	0.6489	6
1	51	6.8214285714285714	12.1785714285714286	0.641	7
1	41	5.3945205479452055	9.5904109589041096	0.64	8
1	82	5.785958904109589	9.2089041095890411	0.6141	9
1	76	7.4643835616438356	11.4986301369863014	0.6064	10
1	56	7.7643835616438356	11.2246575342465753	0.5911	11
1	5	7.8767123287671233	11.1082191780821918	0.5851	12
1	10	6.2534246575342466	8.7493150684931507	0.5832	13
1	32	4.6006600660066007	6.3844884488448845	0.5812	14
1	68	7.9958904109589041	10.9958904109589041	0.579	15
1	59	9.6821917808219178	13.3041095890410959	0.5788	16
1	67	11.5712328767123288	15.3835616438356164	0.5707	17
1	25	6.489041095890411	8.5356164383561644	0.5681	18
1	27	6.5424657534246575	8.4493150684931507	0.5636	19
1	83	6.618018018018018	8.3855855855855856	0.5589	20
1	77	11.6082191780821918	14.5506849315068493	0.5562	21
1	21	6.6657534246575342	8.3342465753424658	0.5556	22
1	14	8.4547945205479452	10.5410958904109589	0.5549	23
1	58	8.4615384615384615	10.5260989010989011	0.5544	24
1	80	6.6914191419141914	8.2937293729372937	0.5535	25
1	64	6.7205479452054795	8.2835616438356164	0.5521	26
1	22	12.1205479452054795	14.7835616438356164	0.5495	27
1	42	6.9013698630136986	8.089041095890411	0.5396	28
1	34	10.5424657534246575	12.3931506849315068	0.5403	29
1	13	6.9191780821917808	8.0684931506849315	0.5383	30
1	60	6.973972602739726	8.010958904109589	0.5346	31
1	31	7.0214521452145215	7.9719471947194719	0.5317	32
1	33	7.0520547945205479	7.9356164383561644	0.5295	33
1	29	10.9328767123287671	12.0506849315068493	0.5243	34
1	37	5.2835616438356164	5.7150684931506849	0.5196	35
1	23	7.210958904109589	7.7821917808219178	0.519	36
1	4	5.326027397260274	5.6547945205479452	0.515	37
1	61	12.7356164383561644	13.4808219178082192	0.5142	38
1	24	7.310958904109589	7.710958904109589	0.5133	39
1	6	7.3301369863013699	7.6684931506849315	0.5113	40
1	28	11.2493150684931507	11.7356164383561644	0.5106	41
1	49	9.3178082191780822	9.6671232876712329	0.5092	42
1	2	13.2712328767123288	13.6698630136986301	0.5074	43
1	11	9.3931506849315068	9.5945205479452055	0.5053	44
1	38	7.4506849315068493	7.5479452054794521	0.5032	45
1	16	7.6191780821917808	7.389041095890411	0.4923	46
1	26	7.7041095890410959	7.2958904109589041	0.4864	47
1	71	9.7589041095890411	9.2232876712328767	0.4859	48
1	8	7.7178082191780822	7.2479452054794521	0.4843	49
1	84	7.7933070866141732	7.1948818897637795	0.48	50
1	65	7.8520547945205479	7.1410958904109589	0.4763	51
1	57	7.9041095890410959	7.089041095890411	0.4728	52
1	66	9.9958904109589041	8.9616438356164384	0.4727	53
1	12	10.1123287671232877	8.9027397260273973	0.4682	54
1	30	8.2575342465753425	6.7438356164383562	0.4495	55
1	36	8.2561643835616438	6.7383561643835616	0.4494	56
1	46	8.5493150684931507	6.4273972602739726	0.4292	57
1	3	8.589041095890411	6.4	0.427	58
1	35	6.3068493150684932	4.6794520547945205	0.4259	59
1	9	8.6164383561643836	6.3671232876712329	0.4249	60
1	7	8.7821917808219178	6.2027397260273973	0.4139	61
1	55	13.4869684499314129	9.4897119341563786	0.413	62
1	74	13.3068493150684932	8.8712328767123288	0.4	63
1	39	11.6082191780821918	7.3753424657534247	0.3885	64
1	73	9.2344827586206897	5.7503448275862069	0.3837	65
1	69	14.7849315068493151	8.2356164383561644	0.3578	66
1	72	15.2178082191780822	7.7479452054794521	0.3374	67
1	50	15.6013698630136986	7.3657534246575342	0.3207	68
1	70	13.2506849315068493	5.763013698630137	0.3031	69
1	54	10.5520547945205479	4.4424657534246575	0.2963	70
2	45	4.5961538461538462	10.3983516483516484	0.6935	1
2	62	5.874828060522696	13.0894085281980743	0.6902	2
2	47	6.4024725274725275	12.5769230769230769	0.6627	3
2	63	6.4281767955801105	12.5538674033149171	0.6614	4
2	75	6.4587912087912088	12.510989010989011	0.6595	5
2	48	5.2458791208791209	9.7458791208791209	0.6501	6
2	51	6.8168044077134986	12.1831955922865014	0.6412	7
2	41	5.3942307692307692	9.592032967032967	0.6401	8
2	82	5.781786941580756	9.2147766323024055	0.6145	9
2	76	7.4478021978021978	11.5123626373626374	0.6072	10
2	56	7.760989010989011	11.2293956043956044	0.5913	11
2	10	6.2239010989010989	8.7870879120879121	0.5854	12
2	5	7.8832417582417582	11.103021978021978	0.5848	13
2	32	4.6142384105960265	6.369205298013245	0.5799	14
2	68	7.9807692307692308	11.0082417582417582	0.5797	15
2	59	9.7005494505494505	13.282967032967033	0.5779	16
2	67	11.5576923076923077	15.396978021978022	0.5712	17
2	25	6.4848901098901099	8.5288461538461538	0.5681	18
2	27	6.5343406593406593	8.456043956043956	0.5641	19
2	83	6.620253164556962	8.3779385171790235	0.5586	20
2	77	11.5961538461538462	14.5590659340659341	0.5566	21
2	14	8.4450549450549451	10.5508241758241758	0.5554	22
2	21	6.6717032967032967	8.3365384615384615	0.5555	23
2	58	8.4600550964187328	10.5275482093663912	0.5544	24
2	80	6.6937086092715232	8.2913907284768212	0.5533	25
2	64	6.728021978021978	8.271978021978022	0.5515	26
2	22	12.1153846153846154	14.7870879120879121	0.5497	27
2	34	10.5384615384615385	12.3914835164835165	0.5404	28
2	42	6.9120879120879121	8.0796703296703297	0.5389	29
2	13	6.9093406593406593	8.0741758241758242	0.5389	30
2	60	6.9903846153846154	8.0054945054945055	0.5338	31
2	31	7.0380794701986755	7.9552980132450331	0.5306	32
2	33	7.0590659340659341	7.9313186813186813	0.5291	33
2	29	10.9285714285714286	12.0563186813186813	0.5245	34
2	23	7.2005494505494505	7.7912087912087912	0.5197	35
2	37	5.2967032967032967	5.7005494505494505	0.5184	36
2	24	7.3008241758241758	7.7129120879120879	0.5137	37
2	61	12.7348901098901099	13.4752747252747253	0.5141	38
2	4	5.3392857142857143	5.6428571428571429	0.5138	39
2	28	11.2266483516483516	11.7568681318681319	0.5115	40
2	6	7.3131868131868132	7.6868131868131868	0.5125	41
2	2	13.1840659340659341	13.7637362637362637	0.5108	42
2	49	9.3447802197802198	9.6401098901098901	0.5078	43
2	11	9.3763736263736264	9.6043956043956044	0.506	44
2	38	7.4436813186813187	7.5549450549450549	0.5037	45
2	16	7.6442307692307692	7.3598901098901099	0.4905	46
2	26	7.7019230769230769	7.2980769230769231	0.4865	47
2	71	9.7596153846153846	9.2225274725274725	0.4859	48
2	8	7.7321428571428571	7.2335164835164835	0.4833	49
2	84	7.7988165680473373	7.1893491124260355	0.4797	50
2	65	7.8557692307692308	7.135989010989011	0.476	51
2	57	7.9148351648351648	7.0769230769230769	0.4721	52
2	66	10.0054945054945055	8.9478021978021978	0.4721	53
2	12	10.1126373626373626	8.9038461538461538	0.4682	54
2	30	8.2664835164835165	6.7376373626373626	0.4491	55
2	36	8.2541208791208791	6.739010989010989	0.4495	56
2	3	8.5782967032967033	6.4107142857142857	0.4277	57
2	46	8.5686813186813187	6.4093406593406593	0.4279	58
2	35	6.2967032967032967	4.6923076923076923	0.427	59
2	9	8.6730769230769231	6.3104395604395604	0.4212	60
2	7	8.7788461538461538	6.2046703296703297	0.4141	61
2	55	13.4979367262723521	9.4745529573590096	0.4124	62
2	74	13.3021978021978022	8.8736263736263736	0.4001	63
2	39	11.5741758241758242	7.4107142857142857	0.3903	64
2	73	9.2102351313969571	5.7731673582295989	0.3853	65
2	69	14.7925824175824176	8.2211538461538462	0.3572	66
2	72	15.2417582417582418	7.7225274725274725	0.3363	67
2	50	15.6057692307692308	7.3612637362637363	0.3205	68
2	70	13.2747252747252747	5.7362637362637363	0.3017	69
2	54	10.5782967032967033	4.4148351648351648	0.2945	70
3	45	4.5958904109589041	10.3986301369863014	0.6935	1
3	62	5.8710562414266118	13.0891632373113855	0.6903	2
3	47	6.3945205479452055	12.5835616438356164	0.6631	3
3	63	6.4173553719008264	12.5633608815426997	0.6619	4
3	75	6.4753424657534247	12.4945205479452055	0.6587	5
3	48	5.2657534246575342	9.7246575342465753	0.6487	6
3	51	6.8282967032967033	12.1675824175824176	0.6405	7
3	41	5.4041095890410959	9.5794520547945205	0.6393	8
3	82	5.773972602739726	9.2226027397260274	0.615	9
3	76	7.4602739726027397	11.4986301369863014	0.6065	10
3	56	7.7575342465753425	11.2315068493150685	0.5915	11
3	10	6.2068493150684932	8.8	0.5864	12
3	5	7.8794520547945205	11.1054794520547945	0.585	13
3	32	4.6138613861386139	6.3696369636963696	0.5799	14
3	68	7.9945205479452055	10.9958904109589041	0.579	15
3	59	9.7054794520547945	13.2780821917808219	0.5777	16
3	67	11.5479452054794521	15.4054794520547945	0.5716	17
3	25	6.4821917808219178	8.5315068493150685	0.5682	18
3	27	6.5383561643835616	8.4520547945205479	0.5638	19
3	83	6.6252252252252252	8.372972972972973	0.5583	20
3	77	11.5808219178082192	14.5767123287671233	0.5573	21
3	21	6.6821917808219178	8.3342465753424658	0.555	22
3	14	8.4438356164383562	10.5520547945205479	0.5555	23
3	58	8.4615384615384615	10.5274725274725275	0.5544	24
3	80	6.6930693069306931	8.2920792079207921	0.5534	25
3	64	6.7397260273972603	8.2589041095890411	0.5506	26
3	22	12.1	14.8068493150684932	0.5503	27
3	34	10.526027397260274	12.4082191780821918	0.541	28
3	42	6.9054794520547945	8.0863013698630137	0.5394	29
3	13	6.9178082191780822	8.0671232876712329	0.5383	30
3	60	6.9904109589041096	7.9986301369863014	0.5336	31
3	31	7.0346534653465347	7.9603960396039604	0.5309	32
3	33	7.0547945205479452	7.9328767123287671	0.5293	33
3	29	10.9342465753424658	12.0493150684931507	0.5243	34
3	23	7.210958904109589	7.7835616438356164	0.5191	35
3	37	5.3013698630136986	5.7	0.5181	36
3	4	5.3273972602739726	5.6547945205479452	0.5149	37
3	24	7.3082191780821918	7.7136986301369863	0.5135	38
3	61	12.7849315068493151	13.426027397260274	0.5122	39
3	6	7.3342465753424658	7.673972602739726	0.5113	40
3	28	11.2328767123287671	11.7493150684931507	0.5112	41
3	2	13.1931506849315068	13.7547945205479452	0.5104	42
3	49	9.3342465753424658	9.6506849315068493	0.5083	43
3	11	9.3616438356164384	9.6219178082191781	0.5069	44
3	38	7.4479452054794521	7.5506849315068493	0.5034	45
3	16	7.6506849315068493	7.3575342465753425	0.4902	46
3	26	7.7041095890410959	7.2958904109589041	0.4864	47
3	71	9.7479452054794521	9.2315068493150685	0.4864	48
3	8	7.736986301369863	7.2273972602739726	0.483	49
3	84	7.8110236220472441	7.1771653543307087	0.4789	50
3	65	7.8561643835616438	7.136986301369863	0.476	51
3	57	7.9013698630136986	7.0917808219178082	0.473	52
3	66	10.0082191780821918	8.9438356164383562	0.4719	53
3	12	10.089041095890411	8.9178082191780822	0.4692	54
3	36	8.2726027397260274	6.7287671232876712	0.4485	55
3	30	8.2780821917808219	6.7232876712328767	0.4482	56
3	46	8.5671232876712329	6.4095890410958904	0.428	57
3	35	6.2904109589041096	4.6958904109589041	0.4274	58
3	3	8.589041095890411	6.4	0.427	59
3	9	8.6780821917808219	6.3095890410958904	0.421	60
3	7	8.7753424657534247	6.2054794520547945	0.4142	61
3	55	13.4924554183813443	9.48559670781893	0.4128	62
3	74	13.3232876712328767	8.8547945205479452	0.3993	63
3	39	11.589041095890411	7.3958904109589041	0.3896	64
3	73	9.2137931034482759	5.7682758620689655	0.385	65
3	69	14.8136986301369863	8.2123287671232877	0.3567	66
3	72	15.236986301369863	7.7246575342465753	0.3364	67
3	50	15.5958904109589041	7.373972602739726	0.321	68
3	70	13.2863013698630137	5.7191780821917808	0.3009	69
3	54	10.5684931506849315	4.4232876712328767	0.295	70
4	45	4.6054794520547945	10.3904109589041096	0.6929	1
4	62	5.850480109739369	13.1138545953360768	0.6915	2
4	47	6.4027397260273973	12.5767123287671233	0.6626	3
4	75	6.4726027397260274	12.4986301369863014	0.6588	4
4	63	6.5247933884297521	12.4586776859504132	0.6563	5
4	48	5.2671232876712329	9.7232876712328767	0.6486	6
4	51	6.8269230769230769	12.1799450549450549	0.6408	7
4	41	5.4191780821917808	9.5657534246575342	0.6384	8
4	82	5.7688356164383562	9.2243150684931507	0.6152	9
4	76	7.463013698630137	11.5	0.6064	10
4	56	7.7712328767123288	11.2164383561643836	0.5907	11
4	10	6.1972602739726027	8.8068493150684932	0.587	12
4	5	7.8767123287671233	11.1082191780821918	0.5851	13
4	32	4.6138613861386139	6.3696369636963696	0.5799	14
4	59	9.710958904109589	13.273972602739726	0.5775	15
4	68	8.0041095890410959	10.9849315068493151	0.5785	16
4	67	11.3794520547945205	15.5821917808219178	0.5779	17
4	25	6.4808219178082192	8.5287671232876712	0.5682	18
4	27	6.5383561643835616	8.4520547945205479	0.5638	19
4	83	6.6252252252252252	8.372972972972973	0.5583	20
4	21	6.6698630136986301	8.3534246575342466	0.556	21
4	58	8.4574175824175824	10.5302197802197802	0.5546	22
4	77	11.6424657534246575	14.5150684931506849	0.5549	23
4	14	8.4465753424657534	10.5493150684931507	0.5553	24
4	80	6.6930693069306931	8.2920792079207921	0.5534	25
4	64	6.736986301369863	8.263013698630137	0.5509	26
4	22	12.0986301369863014	14.8054794520547945	0.5503	27
4	34	10.5315068493150685	12.4013698630136986	0.5408	28
4	42	6.8931506849315068	8.0986301369863014	0.5402	29
4	13	6.9136986301369863	8.0753424657534247	0.5387	30
4	60	6.9945205479452055	7.9917808219178082	0.5333	31
4	31	7.0346534653465347	7.9587458745874587	0.5308	32
4	33	7.0534246575342466	7.9342465753424658	0.5294	33
4	29	10.9342465753424658	12.0493150684931507	0.5243	34
4	23	7.2136986301369863	7.7780821917808219	0.5188	35
4	37	5.3	5.7027397260273973	0.5183	36
4	4	5.3328767123287671	5.6493150684931507	0.5144	37
4	24	7.2986301369863014	7.7150684931506849	0.5139	38
4	61	12.7821917808219178	13.4246575342465753	0.5123	39
4	6	7.3342465753424658	7.6671232876712329	0.5111	40
4	28	11.2342465753424658	11.7506849315068493	0.5112	41
4	2	13.1986301369863014	13.7424657534246575	0.5101	42
4	49	9.3328767123287671	9.6534246575342466	0.5084	43
4	11	9.373972602739726	9.6150684931506849	0.5063	44
4	38	7.4424657534246575	7.5575342465753425	0.5038	45
4	16	7.6356164383561644	7.3684931506849315	0.4911	46
4	71	9.7520547945205479	9.2356164383561644	0.4864	47
4	26	7.7041095890410959	7.2958904109589041	0.4864	48
4	8	7.7342465753424658	7.2301369863013699	0.4832	49
4	84	7.8110236220472441	7.1791338582677165	0.4789	50
4	65	7.8794520547945205	7.1342465753424658	0.4752	51
4	66	9.9917808219178082	8.9643835616438356	0.4729	52
4	57	7.9136986301369863	7.0794520547945205	0.4722	53
4	12	10.0958904109589041	8.9246575342465753	0.4692	54
4	36	8.2712328767123288	6.7273972602739726	0.4485	55
4	30	8.2835616438356164	6.7123287671232877	0.4476	56
4	46	8.5643835616438356	6.4123287671232877	0.4282	57
4	35	6.2876712328767123	4.7027397260273973	0.4279	58
4	3	8.589041095890411	6.4	0.427	59
4	9	8.6726027397260274	6.3095890410958904	0.4211	60
4	7	8.7808219178082192	6.2	0.4139	61
4	55	13.4910836762688615	9.4814814814814815	0.4127	62
4	74	13.326027397260274	8.8547945205479452	0.3992	63
4	39	11.5698630136986301	7.4123287671232877	0.3905	64
4	73	9.1862068965517241	5.7972413793103448	0.3869	65
4	69	14.8164383561643836	8.2095890410958904	0.3565	66
4	72	15.1342465753424658	7.8356164383561644	0.3411	67
4	50	15.5904109589041096	7.3849315068493151	0.3214	68
4	70	13.2945205479452055	5.7164383561643836	0.3007	69
4	54	10.5753424657534247	4.4164383561643836	0.2946	70
5	62	5.6117969821673525	13.3497942386831276	0.704	1
5	45	4.8506849315068493	10.1438356164383562	0.6765	2
5	47	6.3986301369863014	12.5794520547945205	0.6628	3
5	75	6.4794520547945205	12.4917808219178082	0.6585	4
5	63	6.5275482093663912	12.4573002754820937	0.6562	5
5	48	5.2657534246575342	9.726027397260274	0.6488	6
5	51	6.8379120879120879	12.1593406593406593	0.6401	7
5	41	5.4657534246575342	9.5191780821917808	0.6353	8
5	82	5.747008547008547	9.2444444444444444	0.6166	9
5	76	7.473972602739726	11.4849315068493151	0.6058	10
5	56	7.6986301369863014	11.2904109589041096	0.5946	11
5	10	6.1863013698630137	8.8164383561643836	0.5877	12
5	5	7.8780821917808219	11.1082191780821918	0.5851	13
5	67	11.2616438356164384	15.6931506849315068	0.5822	14
5	32	4.6089108910891089	6.3745874587458746	0.5804	15
5	68	7.9821917808219178	11.0095890410958904	0.5797	16
5	59	9.7041095890410959	13.2808219178082192	0.5778	17
5	25	6.473972602739726	8.5438356164383562	0.5689	18
5	27	6.5383561643835616	8.4520547945205479	0.5638	19
5	83	6.6234234234234234	8.372972972972973	0.5583	20
5	58	8.4244505494505495	10.5837912087912088	0.5568	21
5	21	6.6671232876712329	8.336986301369863	0.5556	22
5	14	8.4452054794520548	10.5506849315068493	0.5554	23
5	80	6.6963696369636964	8.2887788778877888	0.5531	24
5	64	6.7205479452054795	8.2780821917808219	0.5519	25
5	22	12.0972602739726027	14.8095890410958904	0.5504	26
5	34	10.5287671232876712	12.4013698630136986	0.5408	27
5	42	6.8876712328767123	8.1068493150684932	0.5407	28
5	13	6.9095890410958904	8.0808219178082192	0.5391	29
5	31	7.0346534653465347	7.9587458745874587	0.5308	30
5	77	12.3013698630136986	13.8547945205479452	0.5297	31
5	60	7.0383561643835616	7.9520547945205479	0.5305	32
5	33	7.0465753424657534	7.9410958904109589	0.5298	33
5	29	10.9315068493150685	12.0534246575342466	0.5244	34
5	23	7.210958904109589	7.7821917808219178	0.519	35
5	37	5.3	5.6958904109589041	0.518	36
5	4	5.3342465753424658	5.6493150684931507	0.5143	37
5	24	7.2931506849315068	7.7219178082191781	0.5143	38
5	61	12.7876712328767123	13.4191780821917808	0.512	39
5	6	7.3342465753424658	7.6671232876712329	0.5111	40
5	28	11.2356164383561644	11.7493150684931507	0.5112	41
5	2	13.2383561643835616	13.7013698630136986	0.5086	42
5	49	9.3342465753424658	9.6534246575342466	0.5084	43
5	11	9.3547945205479452	9.6315068493150685	0.5073	44
5	38	7.4397260273972603	7.5616438356164384	0.5041	45
5	16	7.6424657534246575	7.3575342465753425	0.4905	46
5	71	9.7095890410958904	9.2643835616438356	0.4883	47
5	26	7.7041095890410959	7.2958904109589041	0.4864	48
5	8	7.726027397260274	7.2397260273972603	0.4838	49
5	84	7.8051181102362205	7.187007874015748	0.4794	50
5	66	9.8972602739726027	9.0575342465753425	0.4778	51
5	57	7.9	7.0958904109589041	0.4732	52
5	65	7.9465753424657534	7.0410958904109589	0.4698	53
5	12	10.0945205479452055	8.9136986301369863	0.4689	54
5	36	8.2712328767123288	6.7219178082191781	0.4483	55
5	30	8.2863013698630137	6.7164383561643836	0.4477	56
5	73	8.5462068965517241	6.4455172413793103	0.4299	57
5	35	6.2863013698630137	4.7	0.4278	58
5	3	8.5821917808219178	6.4068493150684932	0.4274	59
5	46	8.5917808219178082	6.3863013698630137	0.4264	60
5	9	8.6712328767123288	6.310958904109589	0.4212	61
5	55	13.4142661179698217	9.5624142661179698	0.4162	62
5	7	8.7753424657534247	6.2041095890410959	0.4142	63
5	74	13.410958904109589	8.7753424657534247	0.3955	64
5	39	11.5575342465753425	7.4232876712328767	0.3911	65
5	69	14.8191780821917808	8.173972602739726	0.3555	66
5	72	15.0794520547945205	7.8821917808219178	0.3433	67
5	50	15.5726027397260274	7.389041095890411	0.3218	68
5	54	10.3301369863013699	4.6643835616438356	0.3111	69
5	70	13.3589041095890411	5.6410958904109589	0.2969	70
6	62	5.4252400548696845	13.5336076817558299	0.7138	1
6	45	4.7753424657534247	10.226027397260274	0.6817	2
6	75	6.2712328767123288	12.7095890410958904	0.6696	3
6	47	6.2945205479452055	12.689041095890411	0.6684	4
6	63	6.5749656121045392	12.4099037138927098	0.6537	5
6	48	5.2315068493150685	9.7589041095890411	0.651	6
6	41	5.2767123287671233	9.7082191780821918	0.6479	7
6	51	6.8489010989010989	12.1456043956043956	0.6394	8
6	82	5.9401709401709402	9.0512820512820513	0.6038	9
6	76	7.5383561643835616	11.4356164383561644	0.6027	10
6	56	7.5945205479452055	11.3972602739726027	0.6001	11
6	67	11.0410958904109589	15.9178082191780822	0.5904	12
6	10	6.1602739726027397	8.8506849315068493	0.5896	13
6	5	7.8753424657534247	11.1095890410958904	0.5852	14
6	32	4.5963756177924217	6.3871499176276771	0.5815	15
6	68	8.0013698630136986	11.0164383561643836	0.5793	16
6	59	9.6945205479452055	13.2931506849315068	0.5783	17
6	25	6.4767123287671233	8.5410958904109589	0.5687	18
6	27	6.4835616438356164	8.5082191780821918	0.5675	19
6	58	8.3127572016460905	10.6721536351165981	0.5621	20
6	64	6.6095890410958904	8.3958904109589041	0.5595	21
6	83	6.6342342342342342	8.3693693693693694	0.5578	22
6	21	6.6575342465753425	8.3506849315068493	0.5564	23
6	14	8.4479452054794521	10.5506849315068493	0.5553	24
6	80	6.7062706270627063	8.2788778877887789	0.5525	25
6	22	12.0945205479452055	14.810958904109589	0.5505	26
6	42	6.7712328767123288	8.226027397260274	0.5485	27
6	4	5.0150684931506849	5.9712328767123288	0.5435	28
6	13	6.8465753424657534	8.1397260273972603	0.5431	29
6	34	10.5465753424657534	12.3945205479452055	0.5403	30
6	33	7.010958904109589	7.9767123287671233	0.5322	31
6	31	7.0247524752475248	7.9702970297029703	0.5315	32
6	60	7.0397260273972603	7.9561643835616438	0.5306	33
6	49	8.9465753424657534	10.0424657534246575	0.5289	34
6	29	10.9684931506849315	12.0178082191780822	0.5228	35
6	23	7.2164383561643836	7.7780821917808219	0.5187	36
6	37	5.2945205479452055	5.7027397260273973	0.5186	37
6	61	12.6547945205479452	13.5575342465753425	0.5172	38
6	6	7.2753424657534247	7.7301369863013699	0.5152	39
6	24	7.2931506849315068	7.7246575342465753	0.5144	40
6	77	12.8041095890410959	13.3712328767123288	0.5108	41
6	11	9.363013698630137	9.6246575342465753	0.5069	42
6	38	7.4438356164383562	7.5575342465753425	0.5038	43
6	28	11.4136986301369863	11.573972602739726	0.5035	44
6	65	7.5767123287671233	7.4150684931506849	0.4946	45
6	16	7.6082191780821918	7.4013698630136986	0.4931	46
6	8	7.6753424657534247	7.3	0.4875	47
6	71	9.7342465753424658	9.2410958904109589	0.487	48
6	2	13.8136986301369863	13.1342465753424658	0.4874	49
6	26	7.7027397260273973	7.2972602739726027	0.4865	50
6	66	9.7767123287671233	9.1780821917808219	0.4842	51
6	57	7.7301369863013699	7.2643835616438356	0.4845	52
6	84	7.7519685039370079	7.2401574803149606	0.4829	53
6	73	7.8457300275482094	7.1446280991735537	0.4766	54
6	12	10.0972602739726027	8.9191780821917808	0.469	55
6	30	8.1520547945205479	6.8452054794520548	0.4564	56
6	36	8.2712328767123288	6.7219178082191781	0.4483	57
6	46	8.3958904109589041	6.5863013698630137	0.4396	58
6	3	8.4958904109589041	6.4986301369863014	0.4334	59
6	55	13.0727023319615912	9.906721536351166	0.4311	60
6	35	6.2849315068493151	4.7013698630136986	0.4279	61
6	9	8.6246575342465753	6.3575342465753425	0.4243	62
6	7	8.7616438356164384	6.2178082191780822	0.4151	63
6	39	11.3410958904109589	7.6506849315068493	0.4028	64
6	74	13.663013698630137	8.5301369863013699	0.3844	65
6	72	14.9164383561643836	8.0534246575342466	0.3506	66
6	50	15.0602739726027397	7.9068493150684932	0.3443	67
6	69	15.1178082191780822	7.8835616438356164	0.3427	68
6	54	10.0219178082191781	4.9684931506849315	0.3314	69
6	70	12.8945205479452055	6.1095890410958904	0.3215	70
7	62	5.7064471879286694	13.2565157750342936	0.6991	1
7	45	4.8698630136986301	10.136986301369863	0.6755	2
7	48	4.9712328767123288	10.0232876712328767	0.6685	3
7	75	6.4150684931506849	12.563013698630137	0.662	4
7	82	5.0854700854700855	9.9008547008547009	0.6607	5
7	47	6.5931506849315068	12.3931506849315068	0.6527	6
7	41	5.3	9.6876712328767123	0.6464	7
7	63	6.7950481430536451	12.1884456671251719	0.6421	8
7	51	6.9725274725274725	12.0274725274725275	0.633	9
7	60	5.5917808219178082	9.3972602739726027	0.6269	10
7	67	10.1123287671232877	16.8479452054794521	0.6249	11
7	64	5.9273972602739726	9.0780821917808219	0.605	12
7	32	4.4382207578253707	6.5436573311367381	0.5959	13
7	42	6.0808219178082192	8.9246575342465753	0.5948	14
7	76	7.7041095890410959	11.263013698630137	0.5938	15
7	68	7.7410958904109589	11.2534246575342466	0.5925	16
7	10	6.1602739726027397	8.8493150684931507	0.5896	17
7	5	7.8808219178082192	11.1027397260273973	0.5849	18
7	59	9.6191780821917808	13.3657534246575342	0.5815	19
7	65	6.3136986301369863	8.6904109589041096	0.5792	20
7	27	6.4287671232876712	8.5671232876712329	0.5713	21
7	25	6.5219178082191781	8.4945205479452055	0.5657	22
7	58	8.3868312757201646	10.6008230452674897	0.5583	23
7	83	6.6216216216216216	8.3747747747747748	0.5585	24
7	21	6.6301369863013699	8.3863013698630137	0.5585	25
7	49	8.4068493150684932	10.5780821917808219	0.5572	26
7	22	11.9589041095890411	14.9616438356164384	0.5558	27
7	61	11.6547945205479452	14.5493150684931507	0.5552	28
7	14	8.4684931506849315	10.5273972602739726	0.5542	29
7	13	6.7	8.2863013698630137	0.5529	30
7	56	8.5013698630136986	10.4643835616438356	0.5518	31
7	80	6.7277227722772277	8.2574257425742574	0.551	32
7	57	6.7452054794520548	8.2493150684931507	0.5502	33
7	33	6.8	8.1876712328767123	0.5463	34
7	34	10.5424657534246575	12.3821917808219178	0.5401	35
7	31	6.9405940594059406	8.0544554455445545	0.5371	36
7	77	12.1534246575342466	14.0219178082191781	0.5357	37
7	4	5.189041095890411	5.8	0.5278	38
7	37	5.2465753424657534	5.7506849315068493	0.5229	39
7	23	7.2191780821917808	7.7794520547945205	0.5187	40
7	11	9.1452054794520548	9.8424657534246575	0.5184	41
7	6	7.2383561643835616	7.7602739726027397	0.5174	42
7	24	7.2767123287671233	7.7356164383561644	0.5153	43
7	29	11.163013698630137	11.8232876712328767	0.5144	44
7	84	7.3070866141732283	7.6811023622047244	0.5125	45
7	46	7.3986301369863014	7.5863013698630137	0.5063	46
7	38	7.4561643835616438	7.5424657534246575	0.5029	47
7	16	7.4726027397260274	7.5356164383561644	0.5021	48
7	8	7.5479452054794521	7.4178082191780822	0.4957	49
7	66	9.6589041095890411	9.3054794520547945	0.4907	50
7	28	11.826027397260274	11.1602739726027397	0.4855	51
7	26	7.7657534246575342	7.2410958904109589	0.4825	52
7	71	9.9068493150684932	9.0616438356164384	0.4777	53
7	30	7.8835616438356164	7.1123287671232877	0.4743	54
7	2	14.2547945205479452	12.6904109589041096	0.471	55
7	12	10.1342465753424658	8.8904109589041096	0.4673	56
7	55	12.3333333333333333	10.6337448559670782	0.463	57
7	36	8.2054794520547945	6.7849315068493151	0.4526	58
7	3	8.3821917808219178	6.6123287671232877	0.441	59
7	39	10.6479452054794521	8.3397260273972603	0.4392	60
7	7	8.4917808219178082	6.4904109589041096	0.4332	61
7	9	8.510958904109589	6.4753424657534247	0.4321	62
7	35	6.2972602739726027	4.6931506849315068	0.427	63
7	70	11.1013698630136986	7.8794520547945205	0.4151	64
7	73	8.9214876033057851	6.0550964187327824	0.4043	65
7	74	13.2972602739726027	8.8945205479452055	0.4008	66
7	50	14.0726027397260274	8.8863013698630137	0.3871	67
7	72	14.3232876712328767	8.6397260273972603	0.3762	68
7	54	9.6	5.3945205479452055	0.3598	69
7	69	15.2602739726027397	7.7315068493150685	0.3363	70
8	62	6.159122085048011	12.7956104252400549	0.6751	1
8	67	8.7931506849315068	18.1479452054794521	0.6736	2
8	82	5.1726495726495726	9.8136752136752137	0.6548	3
8	45	5.5671232876712329	9.4328767123287671	0.6289	4
8	59	8.836986301369863	14.1493150684931507	0.6156	5
8	32	4.3838550247116969	6.6029654036243822	0.601	6
8	55	9.242798353909465	13.6954732510288066	0.5971	7
8	70	7.6602739726027397	11.3164383561643836	0.5963	8
8	47	7.6643835616438356	11.3150684931506849	0.5962	9
8	60	6.1041095890410959	8.8753424657534247	0.5925	10
8	75	7.8328767123287671	11.1410958904109589	0.5872	11
8	48	6.236986301369863	8.763013698630137	0.5842	12
8	58	7.9410150891632373	11.0507544581618656	0.5819	13
8	64	6.3041095890410959	8.6904109589041096	0.5796	14
8	5	8.0698630136986301	10.9150684931506849	0.5749	15
8	63	8.1210453920220083	10.8610729023383769	0.5722	16
8	41	6.426027397260274	8.5452054794520548	0.5708	17
8	22	11.6767123287671233	15.2356164383561644	0.5661	18
8	84	6.5236220472440945	8.4645669291338583	0.5647	19
8	10	6.536986301369863	8.4767123287671233	0.5646	20
8	33	6.5383561643835616	8.4506849315068493	0.5638	21
8	49	8.2726027397260274	10.7041095890410959	0.5641	22
8	83	6.5531531531531532	8.445045045045045	0.5631	23
8	21	6.5972602739726027	8.4164383561643836	0.5606	24
8	27	6.6013698630136986	8.389041095890411	0.5596	25
8	13	6.6684931506849315	8.3178082191780822	0.555	26
8	65	6.689041095890411	8.2821917808219178	0.5532	27
8	14	8.5164383561643836	10.4821917808219178	0.5517	28
8	61	11.7520547945205479	14.4219178082191781	0.551	29
8	34	10.3575342465753425	12.5698630136986301	0.5482	30
8	25	6.7904109589041096	8.2219178082191781	0.5477	31
8	46	6.8123287671232877	8.1698630136986301	0.5453	32
8	66	8.6273972602739726	10.3178082191780822	0.5446	33
8	42	6.8315068493150685	8.1493150684931507	0.544	34
8	80	6.8762376237623762	8.1138613861386139	0.5413	35
8	76	8.7520547945205479	10.2287671232876712	0.5389	36
8	51	8.8186813186813187	10.1634615384615385	0.5354	37
8	57	6.9657534246575342	8.0232876712328767	0.5353	38
8	68	8.8931506849315068	10.1013698630136986	0.5318	39
8	37	5.1712328767123288	5.8356164383561644	0.5302	40
8	31	7.0494233937397035	7.957166392092257	0.5302	41
8	16	7.0986301369863014	7.8945205479452055	0.5265	42
8	73	7.1198347107438017	7.8567493112947658	0.5246	43
8	71	9.0684931506849315	9.9164383561643836	0.5223	44
8	50	10.9931506849315068	11.9410958904109589	0.5207	45
8	29	11.036986301369863	11.9561643835616438	0.52	46
8	8	7.2082191780821918	7.7616438356164384	0.5185	47
8	23	7.2342465753424658	7.7575342465753425	0.5175	48
8	30	7.2424657534246575	7.7547945205479452	0.5171	49
8	56	9.2273972602739726	9.7479452054794521	0.5137	50
8	24	7.3095890410958904	7.7027397260273973	0.5131	51
8	11	9.4383561643835616	9.5534246575342466	0.503	52
8	2	13.3835616438356164	13.5356164383561644	0.5028	53
8	54	7.4986301369863014	7.473972602739726	0.4992	54
8	38	7.5273972602739726	7.4684931506849315	0.498	55
8	77	13.5876712328767123	12.5904109589041096	0.481	56
8	4	5.7205479452054795	5.2657534246575342	0.4793	57
8	26	7.8328767123287671	7.1671232876712329	0.4778	58
8	28	12.3287671232876712	10.6493150684931507	0.4635	59
8	6	8.0684931506849315	6.9232876712328767	0.4618	60
8	12	10.2904109589041096	8.7356164383561644	0.4591	61
8	69	12.463013698630137	10.5136986301369863	0.4576	62
8	72	12.463013698630137	10.489041095890411	0.457	63
8	74	12.0520547945205479	10.1205479452054795	0.4564	64
8	9	8.1986301369863014	6.7835616438356164	0.4528	65
8	36	8.2219178082191781	6.7712328767123288	0.4516	66
8	7	8.2273972602739726	6.7547945205479452	0.4509	67
8	39	10.4602739726027397	8.5205479452054795	0.4489	68
8	3	8.3986301369863014	6.5917808219178082	0.4397	69
8	35	6.2616438356164384	4.726027397260274	0.4301	70
9	55	6.5383561643835616	16.3767123287671233	0.7147	1
9	70	5.8194254445964432	13.1299589603283174	0.6929	2
9	62	5.9438356164383562	13.0027397260273973	0.6863	3
9	59	7.7729138166894665	15.1969904240766074	0.6616	4
9	67	9.4965800273597811	17.4295485636114911	0.6473	5
9	54	5.2913816689466484	9.6648426812585499	0.6462	6
9	69	8.5088919288645691	14.4404924760601915	0.6292	7
9	50	8.6780821917808219	14.2438356164383562	0.6214	8
9	58	7.5082191780821918	11.4849315068493151	0.6047	9
9	56	7.545827633378933	11.4281805745554036	0.6023	10
9	84	6.0235756385068762	8.9607072691552063	0.598	11
9	71	7.7017783857729138	11.2900136798905609	0.5945	12
9	73	6.2008253094910591	8.7909215955983494	0.5864	13
9	83	6.3723021582733813	8.6258992805755396	0.5751	14
9	33	6.3926128590971272	8.5964432284541724	0.5735	15
9	22	11.5471956224350205	15.3543091655266758	0.5708	16
9	66	8.1477428180574555	10.7975376196990424	0.5699	17
9	34	9.8577291381668947	13.0601915184678523	0.5699	18
9	49	8.2749658002735978	10.6935704514363885	0.5638	19
9	21	6.6196990424076607	8.4049247606019152	0.5594	20
9	2	11.86593707250342	15.0410396716826265	0.559	21
9	5	8.4008207934336525	10.5882352941176471	0.5576	22
9	72	10.2325581395348837	12.6990424076607387	0.5538	23
9	32	4.9144736842105263	6.0690789473684211	0.5526	24
9	10	6.7523939808481532	8.2571819425444596	0.5501	25
9	14	8.6361149110807114	10.3515731874145007	0.5452	26
9	47	8.719562243502052	10.2421340629274966	0.5401	27
9	13	6.9151846785225718	8.0766073871409029	0.5387	28
9	74	10.253077975376197	11.8891928864569083	0.5369	29
9	25	6.9493844049247606	8.0601915184678523	0.537	30
9	29	10.6484268125854993	12.3461012311901505	0.5369	31
9	16	6.987688098495212	8.0095759233926129	0.5341	32
9	82	6.9914675767918089	7.9829351535836177	0.5331	33
9	46	7.0807113543091655	7.9001367989056088	0.5273	34
9	80	7.1449752883031301	7.8401976935749588	0.5232	35
9	42	7.173734610123119	7.7961696306429549	0.5208	36
9	8	7.1764705882352941	7.7961696306429549	0.5207	37
9	30	7.20109439124487	7.8016415868673051	0.52	38
9	28	11.0683994528043776	11.9151846785225718	0.5184	39
9	37	5.3023255813953488	5.6976744186046512	0.518	40
9	23	7.2886456908344733	7.7031463748290014	0.5138	41
9	45	7.3529411764705882	7.6429548563611491	0.5097	42
9	27	7.3529411764705882	7.6388508891928865	0.5095	43
9	24	7.3953488372093023	7.6238030095759234	0.5076	44
9	61	12.9480164158686731	13.1532147742818057	0.5039	45
9	75	9.4445964432284542	9.5116279069767442	0.5018	46
9	11	9.627906976744186	9.3611491108071135	0.493	47
9	31	7.6809210526315789	7.3207236842105263	0.488	48
9	76	9.8235294117647059	9.1217510259917921	0.4815	49
9	39	9.8891928864569083	9.0834473324213406	0.4788	50
9	38	7.8071135430916553	7.1887824897400821	0.4794	51
9	41	7.8960328317373461	7.0752393980848153	0.4726	52
9	60	7.9124487004103967	7.0629274965800274	0.4716	53
9	26	7.9575923392612859	7.0410396716826265	0.4694	54
9	65	7.9630642954856361	6.9972640218878249	0.4677	55
9	64	7.9658002735978112	7.0205198358413133	0.4685	56
9	48	8.0725034199726402	6.9069767441860465	0.4611	57
9	9	8.0875512995896033	6.8946648426812585	0.4602	58
9	4	5.9917920656634747	4.9849521203830369	0.4541	59
9	6	8.186046511627907	6.8084815321477428	0.4541	60
9	57	8.2106703146374829	6.7674418604651163	0.4518	61
9	63	10.4271978021978022	8.5370879120879121	0.4502	62
9	7	8.2462380300957592	6.7400820793433653	0.4497	63
9	36	8.3064295485636115	6.7154582763337893	0.447	64
9	77	14.5417236662106703	11.6210670314637483	0.4442	65
9	51	10.6159122085048011	8.3539094650205761	0.4404	66
9	3	8.4569083447332421	6.533515731874145	0.4358	67
9	35	6.2352941176470588	4.7564979480164159	0.4327	68
9	68	10.8098495212038304	8.1518467852257182	0.4299	69
9	12	10.8303693570451436	8.1792065663474692	0.4303	70
10	59	7.3958904109589041	15.5712328767123288	0.678	1
10	70	6.2684931506849315	12.6904109589041096	0.6694	2
10	62	6.467032967032967	12.478021978021978	0.6586	3
10	54	5.1547945205479452	9.8	0.6553	4
10	55	8.4128943758573388	14.4924554183813443	0.6327	5
10	69	8.4452054794520548	14.5027397260273973	0.632	6
10	56	7.0219178082191781	11.9465753424657534	0.6298	7
10	71	7.1684931506849315	11.8136986301369863	0.6224	8
10	58	7.2633744855967078	11.7215363511659808	0.6174	9
10	50	8.8353909465020576	14.0864197530864198	0.6145	10
10	72	9.0219178082191781	13.9027397260273973	0.6065	11
10	84	6.0059055118110236	8.9803149606299213	0.5992	12
10	67	10.9219178082191781	15.9808219178082192	0.594	13
10	66	7.8808219178082192	11.0356164383561644	0.5834	14
10	34	9.5753424657534247	13.3410958904109589	0.5822	15
10	83	6.3333333333333333	8.6648648648648649	0.5777	16
10	33	6.3712328767123288	8.6164383561643836	0.5749	17
10	28	9.8	13.1767123287671233	0.5735	18
10	22	11.5315068493150685	15.3643835616438356	0.5713	19
10	2	11.5931506849315068	15.3424657534246575	0.5696	20
10	73	6.4614325068870523	8.5303030303030303	0.569	21
10	49	8.2506849315068493	10.7136986301369863	0.5649	22
10	21	6.6506849315068493	8.3671232876712329	0.5571	23
10	29	10.4315068493150685	12.5506849315068493	0.5461	24
10	10	6.8452054794520548	8.1698630136986301	0.5441	25
10	5	8.6602739726027397	10.3246575342465753	0.5438	26
10	46	6.9123287671232877	8.0657534246575342	0.5385	27
10	14	8.7821917808219178	10.2136986301369863	0.5377	28
10	74	10.2232876712328767	11.9178082191780822	0.5383	29
10	16	6.9410958904109589	8.0452054794520548	0.5368	30
10	25	6.9671232876712329	8.0315068493150685	0.5355	31
10	42	7.0520547945205479	7.9095890410958904	0.5287	32
10	13	7.0684931506849315	7.9150684931506849	0.5283	33
10	80	7.1779242174629325	7.8105436573311367	0.5211	34
10	47	9.0849315068493151	9.8794520547945205	0.5209	35
10	8	7.2383561643835616	7.7328767123287671	0.5165	36
10	23	7.3027397260273973	7.6917808219178082	0.513	37
10	30	7.3301369863013699	7.663013698630137	0.5111	38
10	32	5.3838550247116969	5.6013179571663921	0.5099	39
10	37	5.4328767123287671	5.5876712328767123	0.507	40
10	24	7.4383561643835616	7.5712328767123288	0.5044	41
10	82	7.5230769230769231	7.4478632478632479	0.4975	42
10	75	9.5958904109589041	9.3643835616438356	0.4939	43
10	11	9.6342465753424658	9.3684931506849315	0.493	44
10	39	9.6392318244170096	9.3017832647462277	0.4911	45
10	61	13.4438356164383562	12.6493150684931507	0.4848	46
10	76	9.7931506849315068	9.1452054794520548	0.4829	47
10	38	7.863013698630137	7.1301369863013699	0.4756	48
10	45	7.9219178082191781	7.0712328767123288	0.4716	49
10	26	7.9821917808219178	7.0219178082191781	0.468	50
10	31	7.9917627677100494	7.0049423393739703	0.4671	51
10	9	7.9986301369863014	6.9904109589041096	0.4664	52
10	41	7.9917808219178082	6.973972602739726	0.466	53
10	4	5.8794520547945205	5.0986301369863014	0.4644	54
10	6	8.1397260273972603	6.8575342465753425	0.4573	55
10	57	8.1287671232876712	6.8410958904109589	0.457	56
10	60	8.2136986301369863	6.7383561643835616	0.4507	57
10	36	8.2767123287671233	6.7465753424657534	0.4491	58
10	7	8.2712328767123288	6.7136986301369863	0.448	59
10	27	8.2849315068493151	6.710958904109589	0.4475	60
10	77	14.6027397260273973	11.526027397260274	0.4411	61
10	3	8.410958904109589	6.5780821917808219	0.4389	62
10	64	8.5027397260273973	6.4780821917808219	0.4324	63
10	35	6.2575342465753425	4.7301369863013699	0.4305	64
10	68	10.7986301369863014	8.1561643835616438	0.4303	65
10	48	8.5904109589041096	6.3931506849315068	0.4267	66
10	12	10.9493150684931507	8.0479452054794521	0.4236	67
10	63	10.9353507565337001	8.0220082530949106	0.4232	68
10	65	8.6794520547945205	6.2917808219178082	0.4203	69
10	51	11.0467032967032967	7.9230769230769231	0.4177	70
11	59	7.2921810699588477	15.6721536351165981	0.6825	1
11	70	6.3415637860082305	12.6200274348422497	0.6656	2
11	69	8.2043895747599451	14.7462277091906722	0.6425	3
11	62	6.9119669876203576	12.0385144429160935	0.6353	4
11	54	5.6241426611796982	9.3429355281207133	0.6242	5
11	56	7.242798353909465	11.7325102880658436	0.6183	6
11	58	7.2513736263736264	11.7362637362637363	0.6181	7
11	72	8.7709190672153635	14.1550068587105624	0.6174	8
11	71	7.3004115226337449	11.6941015089163237	0.6157	9
11	84	6.0452755905511811	8.9468503937007874	0.5968	10
11	50	9.3388203017832647	13.5994513031550069	0.5929	11
11	55	9.401920438957476	13.5212620027434842	0.5899	12
11	67	11.0576131687242798	15.8587105624142661	0.5892	13
11	66	7.8244170096021948	11.093278463648834	0.5864	14
11	34	9.5569272976680384	13.3443072702331962	0.5827	15
11	28	9.6021947873799726	13.3854595336076818	0.5823	16
11	83	6.3104693140794224	8.6877256317689531	0.5793	17
11	33	6.3717421124828532	8.6186556927297668	0.5749	18
11	22	11.5294924554183813	15.3703703703703704	0.5714	19
11	73	6.5613793103448276	8.4317241379310345	0.5624	20
11	2	11.8585164835164835	15.0865384615384615	0.5599	21
11	21	6.5994513031550069	8.4142661179698217	0.5604	22
11	49	8.3840877914951989	10.5843621399176955	0.558	23
11	29	10.2976680384087791	12.6858710562414266	0.552	24
11	5	8.635116598079561	10.3470507544581619	0.5451	25
11	10	6.8751714677640604	8.1344307270233196	0.5419	26
11	46	6.8587105624142661	8.1165980795610425	0.542	27
11	16	6.9245541838134431	8.0672153635116598	0.5381	28
11	25	6.9615912208504801	8.0384087791495199	0.5359	29
11	13	7.0137174211248285	7.9670781893004115	0.5318	30
11	14	8.9012345679012346	10.0905349794238683	0.5313	31
11	74	10.4801097393689986	11.6570644718792867	0.5266	32
11	47	9.0233196159122085	9.9396433470507545	0.5242	33
11	82	7.1763698630136986	7.7996575342465753	0.5208	34
11	80	7.1848184818481848	7.801980198019802	0.5206	35
11	42	7.1893004115226337	7.7818930041152263	0.5198	36
11	23	7.2770919067215364	7.7146776406035665	0.5146	37
11	8	7.299039780521262	7.6817558299039781	0.5128	38
11	32	5.3778877887788779	5.6138613861386139	0.5107	39
11	37	5.3950617283950617	5.6200274348422497	0.5102	40
11	30	7.364883401920439	7.6282578875171468	0.5088	41
11	39	9.364010989010989	9.5714285714285714	0.5055	42
11	24	7.4348422496570645	7.5541838134430727	0.504	43
11	75	9.4211248285322359	9.541838134430727	0.5032	44
11	76	9.5075445816186557	9.4307270233196159	0.498	45
11	11	9.6364883401920439	9.3635116598079561	0.4928	46
11	61	13.3031550068587106	12.794238683127572	0.4902	47
11	41	7.7462277091906722	7.2222222222222222	0.4825	48
11	38	7.850480109739369	7.1454046639231824	0.4765	49
11	4	5.7805212620027435	5.2016460905349794	0.4736	50
11	45	7.8847736625514403	7.1152263374485597	0.4743	51
11	26	7.9245541838134431	7.0809327846364883	0.4719	52
11	9	7.9711934156378601	7.0301783264746228	0.4686	53
11	77	13.9945130315500686	12.1316872427983539	0.4643	54
11	31	8.0577557755775578	6.9405940594059406	0.4628	55
11	6	8.0713305898491084	6.9355281207133059	0.4622	56
11	57	8.0617283950617284	6.9080932784636488	0.4615	57
11	36	8.2441700960219479	6.766803840877915	0.4508	58
11	64	8.2318244170096022	6.7434842249657064	0.4503	59
11	7	8.2770919067215364	6.7050754458161866	0.4475	60
11	60	8.355281207133059	6.6021947873799726	0.4414	61
11	3	8.411522633744856	6.5871056241426612	0.4392	62
11	63	10.6657496561210454	8.2957359009628611	0.4375	63
11	48	8.4142661179698217	6.5596707818930041	0.4381	64
11	68	10.6584362139917695	8.3004115226337449	0.4378	65
11	27	8.4471879286694102	6.5500685871056241	0.4368	66
11	35	6.2002743484224966	4.7887517146776406	0.4358	67
11	51	10.7991746905089409	8.1829436038514443	0.4311	68
11	12	10.9327846364883402	8.0603566529492455	0.4244	69
11	65	8.8175582990397805	6.149519890260631	0.4109	70
12	59	7.5013661202185792	15.4904371584699454	0.6737	1
12	70	6.6051912568306011	12.3510928961748634	0.6516	2
12	62	6.7794520547945205	12.1767123287671233	0.6424	3
12	69	8.4166666666666667	14.5628415300546448	0.6337	4
12	58	7.2366621067031464	11.7537619699042408	0.6189	5
12	56	7.2554644808743169	11.7131147540983607	0.6175	6
12	72	8.8866120218579235	14.0546448087431694	0.6126	7
12	67	10.7336065573770492	16.2062841530054645	0.6016	8
12	66	7.6243169398907104	11.3155737704918033	0.5974	9
12	55	9.3114754098360656	13.6461748633879781	0.5944	10
12	71	7.7390710382513661	11.2554644808743169	0.5926	11
12	54	6.1762295081967213	8.8032786885245902	0.5877	12
12	83	6.2692998204667864	8.7271095152603232	0.5819	13
12	34	9.6243169398907104	13.2745901639344262	0.5797	14
12	28	9.7377049180327869	13.25	0.5764	15
12	33	6.3674863387978142	8.6243169398907104	0.5753	16
12	22	11.6051912568306011	15.2978142076502732	0.5686	17
12	84	6.4666666666666667	8.5235294117647059	0.5686	18
12	21	6.5751366120218579	8.435792349726776	0.562	19
12	49	8.3620218579234973	10.5819672131147541	0.5586	20
12	10	6.616120218579235	8.389344262295082	0.5591	21
12	2	11.9398084815321477	15.0232558139534884	0.5572	22
12	73	6.6744505494505495	8.3255494505494505	0.555	23
12	29	10.2459016393442623	12.7363387978142077	0.5542	24
12	50	10.2978142076502732	12.6284153005464481	0.5508	25
12	80	6.7401315789473684	8.2516447368421053	0.5504	26
12	5	8.5819672131147541	10.4016393442622951	0.5479	27
12	82	6.7935153583617747	8.2013651877133106	0.5469	28
12	25	6.9426229508196721	8.0560109289617486	0.5371	29
12	16	6.9371584699453552	8.0573770491803279	0.5374	30
12	75	8.837431693989071	10.1188524590163934	0.5338	31
12	46	7.0191256830601093	7.9631147540983607	0.5315	32
12	13	7.0273224043715847	7.953551912568306	0.5309	33
12	47	8.8961748633879781	10.0737704918032787	0.531	34
12	14	8.9221311475409836	10.0655737704918033	0.5301	35
12	23	7.2131147540983607	7.7800546448087432	0.5189	36
12	32	5.3256578947368421	5.6644736842105263	0.5154	37
12	37	5.3633879781420765	5.657103825136612	0.5133	38
12	30	7.383879781420765	7.6065573770491803	0.5074	39
12	61	12.976775956284153	13.1489071038251366	0.5033	40
12	24	7.4528043775649795	7.5512995896032832	0.5033	41
12	74	11.0163934426229508	11.1133879781420765	0.5022	42
12	39	9.4603825136612022	9.5040983606557377	0.5012	43
12	42	7.4754098360655738	7.5027322404371585	0.5009	44
12	8	7.4924760601915185	7.4733242134062927	0.4994	45
12	41	7.6202185792349727	7.3497267759562842	0.491	46
12	11	9.7076502732240437	9.2896174863387978	0.489	47
12	76	9.7049180327868852	9.2513661202185792	0.488	48
12	26	7.709016393442623	7.2937158469945355	0.4862	49
12	77	13.5478142076502732	12.6010928961748634	0.4819	50
12	38	7.8306010928961749	7.1653005464480874	0.4778	51
12	45	7.8784153005464481	7.116120218579235	0.4746	52
12	4	5.7718579234972678	5.2131147540983607	0.4746	53
12	57	7.9084699453551913	7.0887978142076503	0.4727	54
12	64	7.9398907103825137	7.0450819672131148	0.4701	55
12	9	7.9808743169398907	7.0136612021857923	0.4677	56
12	48	7.976775956284153	7.0013661202185792	0.4674	57
12	31	8.0328947368421053	6.9638157894736842	0.4644	58
12	6	8.1079234972677596	6.9016393442622951	0.4598	59
12	51	10.3095890410958904	8.6904109589041096	0.4574	60
12	36	8.2814207650273224	6.7254098360655738	0.4482	61
12	7	8.3060109289617486	6.685792349726776	0.446	62
12	27	8.3333333333333333	6.657103825136612	0.4441	63
12	60	8.3456284153005464	6.6284153005464481	0.4427	64
12	68	10.5956284153005464	8.3715846994535519	0.4414	65
12	35	6.162568306010929	4.8306010928961749	0.4394	66
12	63	10.6561643835616438	8.3205479452054795	0.4385	67
12	3	8.4453551912568306	6.5519125683060109	0.4369	68
12	65	8.4918032786885246	6.476775956284153	0.4327	69
12	12	10.9672131147540984	8.0341530054644809	0.4228	70
13	59	7.7551299589603283	15.2298221614227086	0.6626	1
13	62	6.4814814814814815	12.4910836762688615	0.6584	2
13	69	8.7606019151846785	14.2380300957592339	0.6191	3
13	58	7.3397260273972603	11.6424657534246575	0.6133	4
13	70	7.3980848153214774	11.585499316005472	0.6103	5
13	72	9.0902872777017784	13.86593707250342	0.604	6
13	67	10.6662106703146375	16.2735978112175103	0.6041	7
13	56	7.5143638850889193	11.4254445964432285	0.6033	8
13	71	7.7660738714090287	11.2284541723666211	0.5911	9
13	55	9.4062927496580027	13.5554035567715458	0.5903	10
13	66	7.8002735978112175	11.1450068399452804	0.5883	11
13	84	6.2823529411764706	8.7117647058823529	0.581	12
13	34	9.6785225718194254	13.2558139534883721	0.578	13
13	83	6.3363309352517986	8.6600719424460432	0.5775	14
13	33	6.359781121751026	8.6333789329685363	0.5758	15
13	28	9.8002735978112175	13.1887824897400821	0.5737	16
13	54	6.4692202462380301	8.5116279069767442	0.5682	17
13	22	11.6580027359781122	15.2476060191518468	0.5667	18
13	73	6.5818431911966988	8.4099037138927098	0.561	19
13	21	6.5896032831737346	8.4131326949384405	0.5608	20
13	2	11.8849315068493151	15.0767123287671233	0.5592	21
13	49	8.3939808481532148	10.5827633378932969	0.5577	22
13	10	6.6470588235294118	8.3625170998632011	0.5571	23
13	29	10.2229822161422709	12.7619699042407661	0.5552	24
13	82	6.6717948717948718	8.3162393162393162	0.5549	25
13	5	8.5909712722298222	10.3912448700410397	0.5474	26
13	80	6.8830313014827018	8.1153212520593081	0.5411	27
13	16	6.9274965800273598	8.0656634746922025	0.538	28
13	25	6.9521203830369357	8.0601915184678523	0.5369	29
13	75	8.7934336525307798	10.1436388508891929	0.5356	30
13	50	10.6716826265389877	12.2708618331053352	0.5349	31
13	13	7.0218878248974008	7.9548563611491108	0.5311	32
13	47	8.9138166894664843	10.0642954856361149	0.5303	33
13	14	8.9616963064295486	10.0300957592339261	0.5281	34
13	46	7.2038303693570451	7.7879616963064295	0.5195	35
13	23	7.2216142270861833	7.7715458276333789	0.5183	36
13	32	5.3179571663920923	5.6771004942339374	0.5163	37
13	37	5.3638850889192886	5.6470588235294118	0.5129	38
13	39	9.2503419972640219	9.7209302325581395	0.5124	39
13	8	7.3164383561643836	7.6575342465753425	0.5114	40
13	30	7.3967168262653899	7.5909712722298222	0.5065	41
13	74	10.9151846785225718	11.1751025991792066	0.5059	42
13	24	7.4589041095890411	7.5424657534246575	0.5028	43
13	42	7.5116279069767442	7.4692202462380301	0.4986	44
13	76	9.560875512995896	9.399452804377565	0.4957	45
13	45	7.5718194254445964	7.4158686730506156	0.4948	46
13	26	7.5868673050615595	7.414500683994528	0.4943	47
13	41	7.5813953488372093	7.3939808481532148	0.4937	48
13	61	13.4363885088919289	12.734610123119015	0.4866	49
13	77	13.4801641586867305	12.6347469220246238	0.4838	50
13	57	7.8125854993160055	7.1819425444596443	0.479	51
13	38	7.8372093023255814	7.1600547195622435	0.4774	52
13	11	9.9808481532147743	9.0164158686730506	0.4746	53
13	9	7.8837209302325581	7.106703146374829	0.4741	54
13	4	5.7879616963064295	5.1997264021887825	0.4732	55
13	31	7.9686985172981878	7.0247116968698517	0.4685	56
13	51	10.1097393689986283	8.8792866941015089	0.4676	57
13	64	7.9767441860465116	7.0287277701778386	0.4684	58
13	48	8.1792065663474692	6.8002735978112175	0.454	59
13	6	8.2188782489740082	6.7879616963064295	0.4523	60
13	65	8.2243502051983584	6.7647058823529412	0.4513	61
13	36	8.2954856361149111	6.7017783857729138	0.4469	62
13	27	8.3283173734610123	6.6648426812585499	0.4445	63
13	68	10.5430916552667579	8.4295485636114911	0.4443	64
13	7	8.3392612859097127	6.652530779753762	0.4437	65
13	35	6.1819425444596443	4.8112175102599179	0.4377	66
13	63	10.6707818930041152	8.3100137174211248	0.4378	67
13	3	8.4377564979480164	6.5567715458276334	0.4373	68
13	12	10.9616963064295486	8.0259917920656635	0.4227	69
13	60	8.9644322845417237	6.0177838577291382	0.4017	70
14	62	6.242798353909465	12.7091906721536351	0.6706	1
14	59	7.7400820793433653	15.2366621067031464	0.6631	2
14	69	8.9097127222982216	14.0861833105335157	0.6126	3
14	58	7.4178082191780822	11.563013698630137	0.6092	4
14	67	10.6347469220246238	16.2913816689466484	0.605	5
14	56	7.4870041039671683	11.4500683994528044	0.6046	6
14	72	9.0574555403556772	13.8960328317373461	0.6054	7
14	71	7.7017783857729138	11.2941176470588235	0.5946	8
14	84	6.1254901960784314	8.8490196078431373	0.5909	9
14	55	9.4500683994528044	13.5157318741450068	0.5885	10
14	66	7.8344733242134063	11.106703146374829	0.5864	11
14	34	9.6566347469220246	13.280437756497948	0.579	12
14	70	8.0191518467852257	10.9658002735978112	0.5776	13
14	83	6.3597122302158273	8.6402877697841727	0.576	14
14	33	6.3748290013679891	8.6169630642954856	0.5748	15
14	28	9.7948016415868673	13.1928864569083447	0.5739	16
14	54	6.4459644322845417	8.5389876880984952	0.5698	17
14	22	11.6497948016415869	15.2558139534883721	0.567	18
14	73	6.5103163686382393	8.4786795048143054	0.5657	19
14	21	6.6101231190150479	8.4035567715458276	0.5597	20
14	49	8.3611491108071135	10.6155950752393981	0.5594	21
14	2	11.9097127222982216	15.0560875512995896	0.5583	22
14	10	6.6456908344733242	8.3543091655266758	0.557	23
14	29	10.2093023255813953	12.7756497948016416	0.5558	24
14	82	6.7401709401709402	8.2547008547008547	0.5505	25
14	50	10.292749658002736	12.6388508891928865	0.5512	26
14	5	8.6484268125854993	10.3351573187414501	0.5444	27
14	16	6.9247606019151847	8.0656634746922025	0.5381	28
14	47	8.7906976744186047	10.1778385772913817	0.5366	29
14	25	6.9411764705882353	8.0642954856361149	0.5374	30
14	13	6.9972640218878249	7.9822161422708618	0.5329	31
14	75	8.9808481532147743	9.9589603283173735	0.5258	32
14	14	9.0232558139534884	9.9644322845417237	0.5248	33
14	46	7.1176470588235294	7.8673050615595075	0.525	34
14	80	7.1647446457990115	7.8253706754530478	0.522	35
14	45	7.1751025991792066	7.8002735978112175	0.5209	36
14	32	5.2800658978583196	5.7116968698517298	0.5196	37
14	74	10.6593707250341997	11.4281805745554036	0.5174	38
14	23	7.2380300957592339	7.7523939808481532	0.5172	39
14	42	7.2476060191518468	7.7318741450068399	0.5162	40
14	37	5.3584131326949384	5.6538987688098495	0.5134	41
14	39	9.265389876880985	9.6853625170998632	0.5111	42
14	8	7.3424657534246575	7.6315068493150685	0.5097	43
14	30	7.3857729138166895	7.6032831737346101	0.5073	44
14	41	7.414500683994528	7.5622435020519836	0.5049	45
14	24	7.4514363885088919	7.5526675786593707	0.5034	46
14	76	9.5471956224350205	9.3844049247606019	0.4957	47
14	26	7.6552667578659371	7.3447332421340629	0.4896	48
14	77	13.4924760601915185	12.6155950752393981	0.4832	49
14	4	5.6771545827633379	5.3036935704514364	0.483	50
14	38	7.8002735978112175	7.1983584131326949	0.4799	51
14	9	7.8248974008207934	7.1682626538987688	0.4781	52
14	61	13.6484268125854993	12.5198358413132695	0.4784	53
14	51	9.9807956104252401	9.0041152263374486	0.4743	54
14	57	7.8837209302325581	7.0971272229822161	0.4737	55
14	11	10.0232558139534884	8.9740082079343365	0.4724	56
14	31	7.9439868204283361	7.0527182866556837	0.4703	57
14	65	8.0957592339261286	6.8837209302325581	0.4595	58
14	64	8.1901504787961696	6.7920656634746922	0.4533	59
14	6	8.2216142270861833	6.7797537619699042	0.4519	60
14	68	10.4254445964432285	8.5417236662106703	0.4503	61
14	36	8.2599179206566347	6.7428180574555404	0.4494	62
14	7	8.3119015047879617	6.6703146374829001	0.4452	63
14	27	8.3296853625170999	6.6634746922024624	0.4444	64
14	48	8.3789329685362517	6.5923392612859097	0.4403	65
14	3	8.4131326949384405	6.5813953488372093	0.4389	66
14	63	10.747599451303155	8.2277091906721536	0.4336	67
14	35	6.2298221614227086	4.759233926128591	0.4331	68
14	12	10.9616963064295486	8.0232558139534884	0.4226	69
14	60	9.6757865937072503	5.3009575923392613	0.3539	70
15	69	7.5266757865937073	15.4528043775649795	0.6725	1
15	59	7.7948016415868673	15.1942544459644323	0.6609	2
15	62	7.0164609053497942	11.9382716049382716	0.6298	3
15	70	7.3488372093023256	11.6347469220246238	0.6129	4
15	56	7.4172366621067031	11.5184678522571819	0.6083	5
15	58	7.4561643835616438	11.510958904109589	0.6069	6
15	55	9.1751025991792066	13.7934336525307798	0.6005	7
15	50	9.2476060191518468	13.6771545827633379	0.5966	8
15	72	9.3119015047879617	13.6224350205198358	0.594	9
15	84	6.0980392156862745	8.8823529411764706	0.5929	10
15	67	11.0095759233926129	15.9001367989056088	0.5909	11
15	71	7.7783857729138167	11.1928864569083447	0.59	12
15	66	7.9507523939808482	10.9767441860465116	0.5799	13
15	34	9.6757865937072503	13.2667578659370725	0.5783	14
15	83	6.3830935251798561	8.618705035971223	0.5745	15
15	33	6.3857729138166895	8.6032831737346101	0.574	16
15	28	9.786593707250342	13.2065663474692202	0.5744	17
15	22	11.6621067031463748	15.2476060191518468	0.5666	18
15	73	6.5089408528198074	8.4869325997248968	0.566	19
15	49	8.3064295485636115	10.652530779753762	0.5619	20
15	10	6.5622435020519836	8.4336525307797538	0.5624	21
15	21	6.5950752393980848	8.4117647058823529	0.5605	22
15	54	6.5772913816689466	8.4049247606019152	0.561	23
15	47	8.3816689466484268	10.5841313269493844	0.5581	24
15	29	10.2517099863201094	12.734610123119015	0.554	25
15	2	12.1450068399452804	14.8194254445964432	0.5496	26
15	74	10.0465116279069767	12.0875512995896033	0.5461	27
15	5	8.6114911080711354	10.3693570451436389	0.5463	28
15	25	6.9138166894664843	8.0902872777017784	0.5392	29
15	16	6.9138166894664843	8.0752393980848153	0.5387	30
15	75	8.7893296853625171	10.158686730506156	0.5361	31
15	45	6.9712722298221614	8.0041039671682627	0.5345	32
15	13	7.0095759233926129	7.9685362517099863	0.532	33
15	14	9.0314637482900137	9.9644322845417237	0.5246	34
15	46	7.1354309165526676	7.853625170998632	0.524	35
15	80	7.1548599670510708	7.8336079077429984	0.5226	36
15	82	7.1794871794871795	7.8068376068376068	0.5209	37
15	32	5.2701812191103789	5.7248764415156507	0.5207	38
15	42	7.2188782489740082	7.7551299589603283	0.5179	39
15	23	7.2352941176470588	7.7551299589603283	0.5173	40
15	37	5.3803009575923393	5.6347469220246238	0.5115	41
15	30	7.3269493844049248	7.667578659370725	0.5114	42
15	41	7.3543091655266758	7.6196990424076607	0.5089	43
15	8	7.3443072702331962	7.6268861454046639	0.5094	44
15	39	9.3337893296853625	9.5991792065663475	0.507	45
15	24	7.4487004103967168	7.5526675786593707	0.5035	46
15	61	13.1532147742818057	13	0.4971	47
15	51	9.6104252400548697	9.3593964334705075	0.4934	48
15	76	9.6196990424076607	9.320109439124487	0.4921	49
15	77	13.3091655266757866	12.8112175102599179	0.4905	50
15	4	5.6196990424076607	5.3652530779753762	0.4884	51
15	26	7.7086183310533516	7.2913816689466484	0.4861	52
15	38	7.8002735978112175	7.1969904240766074	0.4799	53
15	57	7.8235294117647059	7.1559507523939808	0.4777	54
15	11	9.93296853625171	9.0601915184678523	0.477	55
15	9	7.8714090287277702	7.1258549931600547	0.4751	56
15	31	7.9060955518945634	7.0939044481054366	0.4729	57
15	68	10.1600547195622435	8.8071135430916553	0.4643	58
15	64	8.1409028727770178	6.8399452804377565	0.4566	59
15	65	8.1231190150478796	6.8454172366621067	0.4573	60
15	6	8.1751025991792066	6.8303693570451436	0.4552	61
15	36	8.2339261285909713	6.7688098495212038	0.4512	62
15	7	8.2982216142270862	6.6894664842681259	0.4463	63
15	27	8.307797537619699	6.6826265389876881	0.4458	64
15	48	8.3064295485636115	6.6607387140902873	0.445	65
15	63	10.6515775034293553	8.3251028806584362	0.4387	66
15	3	8.426812585499316	6.5649794801641587	0.4379	67
15	35	6.1792065663474692	4.8084815321477428	0.4376	68
15	12	10.9493844049247606	8.0424076607387141	0.4235	69
15	60	9.158686730506156	5.8016415868673051	0.3878	70
16	69	7.3228454172366621	15.6497948016415869	0.6812	1
16	59	7.8399452804377565	15.1450068399452804	0.6589	2
16	56	7.0164158686730506	11.9233926128590971	0.6295	3
16	55	8.6853625170998632	14.2640218878248974	0.6215	4
16	58	7.3397260273972603	11.6383561643835616	0.6133	5
16	62	7.4430727023319616	11.5171467764060357	0.6074	6
16	66	7.7086183310533516	11.2270861833105335	0.5929	7
16	84	6.1041257367387033	8.8821218074656189	0.5927	8
16	10	6.1039671682626539	8.8946648426812585	0.593	9
16	71	7.734610123119015	11.2393980848153215	0.5924	10
16	67	11.1436388508891929	15.786593707250342	0.5862	11
16	47	7.9261285909712722	11.0424076607387141	0.5821	12
16	50	9.5745554035567715	13.3433652530779754	0.5822	13
16	74	9.2722298221614227	12.8440492476060192	0.5808	14
16	75	7.9890560875512996	10.9575923392612859	0.5783	15
16	34	9.7701778385772914	13.1641586867305062	0.574	16
16	83	6.3920863309352518	8.6115107913669065	0.574	17
16	33	6.4008207934336525	8.5882352941176471	0.573	18
16	49	8.2517099863201094	10.7154582763337893	0.5649	19
16	54	6.5116279069767442	8.4651162790697674	0.5652	20
16	73	6.562585969738652	8.4167812929848693	0.5619	21
16	5	8.3050615595075239	10.6757865937072503	0.5625	22
16	28	10.0889192886456908	12.9015047879616963	0.5612	23
16	22	11.8290013679890561	15.0807113543091655	0.5604	24
16	72	10.0766073871409029	12.8440492476060192	0.5604	25
16	21	6.612859097127223	8.3898768809849521	0.5592	26
16	25	6.786593707250342	8.213406292749658	0.5476	27
16	29	10.4774281805745554	12.5047879616963064	0.5441	28
16	16	6.9001367989056088	8.0875512995896033	0.5396	29
16	61	12.0560875512995896	14.0779753761969904	0.5387	30
16	32	5.0823723228995058	5.9192751235584843	0.538	31
16	51	8.757201646090535	10.2030178326474623	0.5381	32
16	13	6.9548563611491108	8.0287277701778386	0.5358	33
16	42	7.0711354309165527	7.9097127222982216	0.528	34
16	41	7.1012311901504788	7.8673050615595075	0.5256	35
16	80	7.1400329489291598	7.8500823723228995	0.5237	36
16	14	9.0355677154582763	9.9534883720930233	0.5242	37
16	4	5.2462380300957592	5.7496580027359781	0.5229	38
16	23	7.2161422708618331	7.7756497948016416	0.5187	39
16	45	7.2106703146374829	7.7660738714090287	0.5185	40
16	46	7.213406292749658	7.7647058823529412	0.5184	41
16	30	7.2995896032831737	7.692202462380301	0.5131	42
16	76	9.2366621067031464	9.6935704514363885	0.5121	43
16	77	12.7619699042407661	13.3570451436388509	0.5114	44
16	8	7.336986301369863	7.636986301369863	0.51	45
16	37	5.399452804377565	5.6251709986320109	0.5102	46
16	65	7.3461012311901505	7.6155950752393981	0.509	47
16	24	7.4404924760601915	7.5704514363885089	0.5043	48
16	57	7.4309165526675787	7.5499316005471956	0.504	49
16	39	9.5116279069767442	9.4199726402188782	0.4976	50
16	2	13.6073871409028728	13.3570451436388509	0.4954	51
16	11	9.667578659370725	9.3187414500683995	0.4908	52
16	31	7.6342668863261944	7.3607907742998353	0.4909	53
16	70	9.6429548563611491	9.3105335157318741	0.4912	54
16	48	7.6210670314637483	7.3502051983584131	0.491	55
16	26	7.6908344733242134	7.3105335157318741	0.4873	56
16	68	9.7770177838577291	9.1901504787961696	0.4845	57
16	38	7.7660738714090287	7.2352941176470588	0.4823	58
16	9	7.8180574555403557	7.1682626538987688	0.4783	59
16	82	7.864957264957265	7.1128205128205128	0.4749	60
16	6	7.880984952120383	7.1285909712722298	0.4749	61
16	64	7.8837209302325581	7.0957592339261286	0.4737	62
16	63	10.0590659340659341	8.9107142857142857	0.4697	63
16	27	8.119015047879617	6.8782489740082079	0.4586	64
16	60	8.1149110807113543	6.853625170998632	0.4579	65
16	36	8.2120383036935705	6.8043775649794802	0.4531	66
16	7	8.225718194254446	6.7578659370725034	0.451	67
16	3	8.3844049247606019	6.6101231190150479	0.4408	68
16	35	6.1805745554035568	4.8125854993160055	0.4378	69
16	12	10.853625170998632	8.1354309165526676	0.4284	70
17	56	6.0205198358413133	12.9274965800273598	0.6823	1
17	51	6.5240054869684499	12.4252400548696845	0.6557	2
17	59	7.9274965800273598	15.0465116279069767	0.6549	3
17	62	6.5802469135802469	12.3813443072702332	0.653	4
17	45	5.320109439124487	9.6552667578659371	0.6447	5
17	75	6.9822161422708618	11.9452804377564979	0.6311	6
17	66	6.9753761969904241	11.9507523939808482	0.6314	7
17	47	7.0383036935704514	11.9274965800273598	0.6289	8
17	48	5.6716826265389877	9.292749658002736	0.621	9
17	41	5.734610123119015	9.2366621067031464	0.617	10
17	67	10.3912448700410397	16.5225718194254446	0.6139	11
17	58	7.3671232876712329	11.6164383561643836	0.6119	12
17	10	5.972640218878249	9.0259917920656635	0.6018	13
17	32	4.4662273476112026	6.528830313014827	0.5938	14
17	61	10.8166894664842681	15.2968536251709986	0.5858	15
17	49	7.8686730506155951	11.0889192886456908	0.5849	16
17	4	4.6032831737346101	6.3857729138166895	0.5811	17
17	71	7.9589603283173735	11.0027359781121751	0.5803	18
17	82	6.2991452991452991	8.6752136752136752	0.5793	19
17	5	8.0150478796169631	10.9685362517099863	0.5778	20
17	84	6.3732809430255403	8.6149312377210216	0.5748	21
17	83	6.3705035971223022	8.6276978417266187	0.5752	22
17	33	6.4309165526675787	8.5636114911080711	0.5711	23
17	63	8.1813186813186813	10.7815934065934066	0.5686	24
17	65	6.4582763337893297	8.4883720930232558	0.5679	25
17	64	6.4637482900136799	8.5075239398084815	0.5683	26
17	55	9.8905608755129959	13.0287277701778386	0.5685	27
17	25	6.4993160054719562	8.5006839945280438	0.5667	28
17	76	8.2380300957592339	10.6703146374829001	0.5643	29
17	57	6.5786593707250342	8.3939808481532148	0.5606	30
17	34	10.079343365253078	12.8577291381668947	0.5606	31
17	21	6.6210670314637483	8.3898768809849521	0.5589	32
17	42	6.6196990424076607	8.347469220246238	0.5577	33
17	68	8.3912448700410397	10.5718194254445964	0.5575	34
17	13	6.7017783857729138	8.2831737346101231	0.5528	35
17	22	12.1846785225718194	14.719562243502052	0.5471	36
17	77	11.9192886456908345	14.1819425444596443	0.5433	37
17	74	10.1313269493844049	11.9835841313269494	0.5419	38
17	60	6.8495212038303694	8.0916552667578659	0.5416	39
17	31	6.9192751235584843	8.0757825370675453	0.5386	40
17	80	6.9242174629324547	8.0741350906095552	0.5383	41
17	16	6.9302325581395349	8.0615595075239398	0.5377	42
17	73	6.9793672627235213	8.0027510316368638	0.5342	43
17	14	8.9808481532147743	10.0054719562243502	0.527	44
17	6	7.1477428180574555	7.8577291381668947	0.5237	45
17	29	11.0259917920656635	11.960328317373461	0.5203	46
17	69	11.0109439124487004	11.9179206566347469	0.5198	47
17	23	7.2229822161422709	7.7674418604651163	0.5182	48
17	37	5.3378932968536252	5.6757865937072503	0.5153	49
17	28	11.1436388508891929	11.8481532147742818	0.5153	50
17	54	7.2886456908344733	7.6771545827633379	0.513	51
17	46	7.3351573187414501	7.6484268125854993	0.5105	52
17	11	9.3748290013679891	9.6032831737346101	0.506	53
17	30	7.4213406292749658	7.5677154582763338	0.5049	54
17	24	7.4295485636114911	7.5827633378932969	0.5051	55
17	72	11.3707250341997264	11.5430916552667579	0.5038	56
17	27	7.4596443228454172	7.545827633378933	0.5029	57
17	8	7.5547945205479452	7.4178082191780822	0.4954	58
17	38	7.5813953488372093	7.4158686730506156	0.4945	59
17	26	7.6621067031463748	7.3337893296853625	0.4891	60
17	9	7.8303693570451436	7.1600547195622435	0.4776	61
17	36	8.1559507523939808	6.8563611491108071	0.4567	62
17	39	10.3803009575923393	8.5362517099863201	0.4513	63
17	7	8.2831737346101231	6.7045143638850889	0.4473	64
17	3	8.3830369357045144	6.6073871409028728	0.4408	65
17	35	6.2120383036935705	4.774281805745554	0.4346	66
17	12	10.774281805745554	8.2339261285909713	0.4332	67
17	2	15.3857729138166895	11.560875512995896	0.429	68
17	50	13.9097127222982216	8.9822161422708618	0.3924	69
17	70	12.3050615595075239	6.6238030095759234	0.3499	70
18	45	4.1709986320109439	10.8043775649794802	0.7215	1
18	82	4.2547008547008547	10.7111111111111111	0.7157	2
18	62	5.7091906721536351	13.2386831275720165	0.6987	3
18	48	4.5827633378932969	10.3707250341997264	0.6935	4
18	51	6.2222222222222222	12.7229080932784636	0.6716	5
18	41	4.9575923392612859	9.9972640218878249	0.6685	6
18	75	6.4911080711354309	12.4336525307797538	0.657	7
18	47	6.5020519835841313	12.454172366621067	0.657	8
18	63	6.6208791208791209	12.3434065934065934	0.6509	9
18	67	9.5417236662106703	17.3556771545827633	0.6453	10
18	64	5.3898768809849521	9.5745554035567715	0.6398	11
18	56	6.8344733242134063	12.119015047879617	0.6394	12
18	59	8.387140902872777	14.5772913816689466	0.6348	13
18	32	4.0395387149917628	6.9489291598023064	0.6324	14
18	66	7.466484268125855	11.4596443228454172	0.6055	15
18	10	6.0369357045143639	8.9589603283173735	0.5974	16
18	68	7.6867305061559508	11.2626538987688098	0.5944	17
18	49	7.7441860465116279	11.2120383036935705	0.5915	18
18	58	7.7863013698630137	11.1917808219178082	0.5897	19
18	4	4.5075239398084815	6.478796169630643	0.5897	20
18	5	7.9110807113543092	11.0725034199726402	0.5833	21
18	42	6.2900136798905609	8.6880984952120383	0.5801	22
18	76	8.0451436388508892	10.86593707250342	0.5746	23
18	83	6.3956834532374101	8.6007194244604317	0.5735	24
18	61	11.1367989056087551	14.9753761969904241	0.5735	25
18	60	6.439124487004104	8.4856361149110807	0.5686	26
18	31	6.4579901153212521	8.5370675453047776	0.5693	27
18	57	6.4733242134062927	8.4993160054719562	0.5677	28
18	25	6.4993160054719562	8.5116279069767442	0.567	29
18	65	6.5540355677154583	8.3761969904240766	0.561	30
18	80	6.6128500823723229	8.3772652388797364	0.5589	31
18	13	6.6497948016415869	8.3502051983584131	0.5567	32
18	21	6.6580027359781122	8.359781121751026	0.5567	33
18	33	6.6703146374829001	8.3228454172366621	0.5551	34
18	34	10.307797537619699	12.640218878248974	0.5508	35
18	22	12.2216142270861833	14.679890560875513	0.5457	36
18	71	8.6963064295485636	10.2708618331053352	0.5415	37
18	27	6.9124487004103967	8.0779753761969904	0.5389	38
18	77	12.0902872777017784	13.9794801641586867	0.5362	39
18	16	6.960328317373461	8.0314637482900137	0.5357	40
18	14	8.8549931600547196	10.1422708618331053	0.5339	41
18	37	5.2599179206566347	5.7414500683994528	0.5219	42
18	6	7.1819425444596443	7.8248974008207934	0.5214	43
18	84	7.1984282907662083	7.793713163064833	0.5199	44
18	23	7.2311901504787962	7.759233926128591	0.5176	45
18	29	11.3310533515731874	11.6552667578659371	0.5071	46
18	24	7.4103967168262654	7.612859097127223	0.5067	47
18	11	9.4186046511627907	9.5649794801641587	0.5039	48
18	38	7.4705882352941176	7.5253077975376197	0.5018	49
18	73	7.5171939477303989	7.4635488308115543	0.4982	50
18	30	7.6183310533515732	7.3844049247606019	0.4922	51
18	26	7.6415868673050616	7.3584131326949384	0.4906	52
18	46	7.6429548563611491	7.3351573187414501	0.4897	53
18	8	7.6356164383561644	7.3356164383561644	0.49	54
18	28	11.7715458276333789	11.2188782489740082	0.488	55
18	9	7.9863201094391245	7.0041039671682627	0.4672	56
18	55	12.2229822161422709	10.6662106703146375	0.466	57
18	36	8.1614227086183311	6.8467852257181943	0.4562	58
18	74	12.1764705882352941	9.8878248974008208	0.4481	59
18	12	10.6169630642954856	8.3953488372093023	0.4416	60
18	2	15.0738714090287278	11.8673050615595075	0.4405	61
18	3	8.4473324213406293	6.5403556771545828	0.4364	62
18	7	8.5827633378932969	6.4076607387140903	0.4275	63
18	35	6.3187414500683995	4.6703146374829001	0.425	64
18	72	13.2640218878248974	9.6210670314637483	0.4204	65
18	54	8.6634746922024624	6.2722298221614227	0.4199	66
18	39	11.2489740082079343	7.6470588235294118	0.4047	67
18	69	13.9384404924760602	8.9316005471956224	0.3905	68
18	70	12.8563611491108071	6.0656634746922025	0.3206	69
18	50	15.9794801641586867	6.8891928864569083	0.3013	70
19	45	4.4295485636114911	10.545827633378933	0.7042	1
19	62	5.8328767123287671	13.1136986301369863	0.6921	2
19	82	4.9726495726495726	10.0034188034188034	0.668	3
19	48	5.0259917920656635	9.9521203830369357	0.6644	4
19	41	5.039671682626539	9.920656634746922	0.6631	5
19	63	6.3933975240715268	12.5653370013755158	0.6628	6
19	47	6.4199726402188782	12.5444596443228454	0.6615	7
19	75	6.466484268125855	12.4582763337893297	0.6583	8
19	51	6.607681755829904	12.345679012345679	0.6514	9
19	67	10.0109439124487004	16.880984952120383	0.6277	10
19	32	4.1334431630971993	6.8500823723228995	0.6237	11
19	56	7.4350205198358413	11.5307797537619699	0.608	12
19	59	9.0109439124487004	13.9425444596443228	0.6074	13
19	64	5.905608755129959	9.0738714090287278	0.6058	14
19	10	6.1696306429548564	8.8331053351573187	0.5888	15
19	5	7.8577291381668947	11.1285909712722298	0.5861	16
19	68	7.9480164158686731	11.0095759233926129	0.5807	17
19	4	4.6101231190150479	6.3734610123119015	0.5803	18
19	58	8.173972602739726	10.8082191780821918	0.5694	19
19	83	6.4622302158273381	8.5377697841726619	0.5692	20
19	42	6.4651162790697674	8.5020519835841313	0.568	21
19	76	8.2051983584131327	10.7140902872777018	0.5663	22
19	25	6.5704514363885089	8.4404924760601915	0.5623	23
19	49	8.3187414500683995	10.6292749658002736	0.561	24
19	31	6.6046128500823723	8.3920922570016474	0.5596	25
19	80	6.6062602965403624	8.3805601317957166	0.5592	26
19	21	6.6429548563611491	8.3803009575923393	0.5578	27
19	27	6.7140902872777018	8.2735978112175103	0.552	28
19	34	10.2995896032831737	12.6415868673050616	0.551	29
19	22	12.1846785225718194	14.7140902872777018	0.547	30
19	13	6.7975376196990424	8.1956224350205198	0.5466	31
19	66	8.5868673050615595	10.3488372093023256	0.5465	32
19	33	6.8481532147742818	8.1409028727770178	0.5431	33
19	60	6.8796169630642955	8.0683994528043776	0.5398	34
19	77	12.0424076607387141	14.0355677154582763	0.5382	35
19	65	6.9138166894664843	8.0150478796169631	0.5369	36
19	14	8.8522571819425445	10.1395348837209302	0.5339	37
19	37	5.1983584131326949	5.8057455540355677	0.5276	38
19	61	12.3255813953488372	13.7715458276333789	0.5277	39
19	16	7.1655266757865937	7.8290013679890561	0.5221	40
19	23	7.2243502051983584	7.7660738714090287	0.5181	41
19	57	7.280437756497948	7.6812585499316005	0.5134	42
19	29	11.2448700410396717	11.746922024623803	0.5109	43
19	71	9.2941176470588235	9.6689466484268126	0.5099	44
19	24	7.3693570451436389	7.6415868673050616	0.5091	45
19	6	7.3953488372093023	7.6060191518467852	0.507	46
19	38	7.4418604651162791	7.5540355677154583	0.5037	47
19	28	11.4322845417236662	11.5622435020519836	0.5028	48
19	11	9.5102599179206566	9.4705882352941176	0.499	49
19	84	7.5383104125736739	7.4557956777996071	0.4972	50
19	26	7.6757865937072503	7.3228454172366621	0.4882	51
19	8	7.6757865937072503	7.2954856361149111	0.4873	52
19	2	14.039671682626539	12.9069767441860465	0.479	53
19	73	7.9848484848484848	6.987603305785124	0.4667	54
19	30	7.9958960328317373	7.0095759233926129	0.4671	55
19	46	8.0506155950752394	6.9316005471956224	0.4627	56
19	9	8.2188782489740082	6.7688098495212038	0.4516	57
19	36	8.2243502051983584	6.7770177838577291	0.4518	58
19	12	10.4432284541723666	8.560875512995896	0.4505	59
19	55	12.9506849315068493	9.9465753424657534	0.4344	60
19	3	8.5567715458276334	6.4404924760601915	0.4294	61
19	35	6.3515731874145007	4.640218878248974	0.4222	62
19	7	8.7660738714090287	6.2147742818057456	0.4148	63
19	74	13.012311901504788	9.0683994528043776	0.4107	64
19	69	13.6224350205198358	9.2612859097127223	0.4047	65
19	72	14.0656634746922025	8.8331053351573187	0.3857	66
19	39	11.8768809849521204	7.0465116279069767	0.3724	67
19	70	11.9138166894664843	7.0082079343365253	0.3704	68
19	54	9.5417236662106703	5.3830369357045144	0.3607	69
19	50	16.0547195622435021	6.8426812585499316	0.2988	70
20	62	5.9712328767123288	12.9835616438356164	0.685	1
20	45	4.7441860465116279	10.2462380300957592	0.6835	2
20	63	6.4401650618982118	12.5378266850068776	0.6607	3
20	75	6.5047879616963064	12.4555403556771546	0.6569	4
20	47	6.5225718194254446	12.4459644322845417	0.6561	5
20	41	5.2544459644322845	9.7222982216142271	0.6492	6
20	48	5.3160054719562244	9.6716826265389877	0.6453	7
20	51	6.7753424657534247	12.2219178082191781	0.6434	8
20	82	5.5572649572649573	9.4239316239316239	0.6291	9
20	67	10.5690834473324213	16.3584131326949384	0.6075	10
20	32	4.342668863261944	6.642504118616145	0.6047	11
20	56	7.6990424076607387	11.2818057455540356	0.5944	12
20	59	9.3803009575923393	13.5868673050615595	0.5916	13
20	5	7.8782489740082079	11.1080711354309166	0.5851	14
20	10	6.2366621067031464	8.7674418604651163	0.5843	15
20	64	6.3132694938440492	8.6867305061559508	0.5791	16
20	68	8.158686730506156	10.8248974008207934	0.5702	17
20	4	4.7606019151846785	6.2188782489740082	0.5664	18
20	83	6.5323741007194245	8.4712230215827338	0.5646	19
20	25	6.5403556771545828	8.4651162790697674	0.5641	20
20	76	8.3228454172366621	10.6374829001367989	0.561	21
20	27	6.6374829001367989	8.3529411764705882	0.5572	22
20	80	6.6490939044481054	8.3344316309719934	0.5562	23
20	21	6.6716826265389877	8.347469220246238	0.5558	24
20	58	8.4238683127572016	10.561042524005487	0.5563	25
20	42	6.6689466484268126	8.3187414500683995	0.555	26
20	31	6.7364085667215815	8.2635914332784185	0.5509	27
20	22	12.1641586867305062	14.7318741450068399	0.5477	28
20	77	11.8235294117647059	14.320109439124487	0.5477	29
20	34	10.4692202462380301	12.4692202462380301	0.5436	30
20	13	6.8508891928864569	8.1326949384404925	0.5428	31
20	49	8.6716826265389877	10.2954856361149111	0.5428	32
20	33	6.8864569083447332	8.1012311901504788	0.5405	33
20	14	8.8686730506155951	10.1285909712722298	0.5332	34
20	37	5.20109439124487	5.79890560875513	0.5272	35
20	60	7.1559507523939808	7.8221614227086183	0.5222	36
20	23	7.2106703146374829	7.7838577291381669	0.5191	37
20	29	11.13406292749658	11.853625170998632	0.5157	38
20	24	7.3187414500683995	7.7058823529411765	0.5129	39
20	16	7.3296853625170999	7.6662106703146375	0.5112	40
20	66	9.2872777017783858	9.6634746922024624	0.5099	41
20	61	12.8248974008207934	13.320109439124487	0.5095	42
20	65	7.3611491108071135	7.5978112175102599	0.5079	43
20	38	7.4158686730506156	7.5827633378932969	0.5056	44
20	28	11.3912448700410397	11.6019151846785226	0.5046	45
20	6	7.4692202462380301	7.5307797537619699	0.5021	46
20	11	9.4952120383036936	9.4897400820793434	0.4999	47
20	71	9.5663474692202462	9.4090287277701778	0.4959	48
20	2	13.6634746922024624	13.2790697674418605	0.4929	49
20	84	7.6200787401574803	7.3720472440944882	0.4917	50
20	57	7.6374829001367989	7.347469220246238	0.4903	51
20	26	7.6949384404924761	7.3050615595075239	0.487	52
20	8	7.707250341997264	7.2626538987688098	0.4852	53
20	30	8.0752393980848153	6.9302325581395349	0.4618	54
20	12	10.3365253077975376	8.6812585499316005	0.4565	55
20	36	8.225718194254446	6.7920656634746922	0.4523	56
20	46	8.2872777017783858	6.7031463748290014	0.4472	57
20	9	8.3515731874145007	6.6333789329685363	0.4427	58
20	73	8.4511691884456671	6.5405777166437414	0.4363	59
20	55	12.9986301369863014	9.9424657534246575	0.4334	60
20	3	8.5772913816689466	6.4172366621067031	0.428	61
20	35	6.3296853625170999	4.6607387140902873	0.4241	62
20	69	13.3515731874145007	9.5978112175102599	0.4182	63
20	7	8.7387140902872777	6.253077975376197	0.4171	64
20	74	13.119015047879617	9.0177838577291382	0.4074	65
20	39	11.759233926128591	7.1983584131326949	0.3797	66
20	70	11.9233926128590971	7.0314637482900137	0.371	67
20	72	14.454172366621067	8.4801641586867305	0.3698	68
20	54	9.6949384404924761	5.2777017783857729	0.3525	69
20	50	15.987688098495212	6.9466484268125855	0.3029	70
21	62	5.9958904109589041	12.963013698630137	0.6837	1
21	45	4.8467852257181943	10.1491108071135431	0.6768	2
21	63	6.4924346629986245	12.500687757909216	0.6582	3
21	75	6.5690834473324213	12.4035567715458276	0.6538	4
21	47	6.5759233926128591	12.4103967168262654	0.6536	5
21	51	6.7808219178082192	12.2164383561643836	0.6431	6
21	48	5.3830369357045144	9.6114911080711354	0.641	7
21	41	5.4090287277701778	9.5813953488372093	0.6392	8
21	82	5.7794871794871795	9.2239316239316239	0.6148	9
21	32	4.4217462932454695	6.5650741350906096	0.5975	10
21	67	10.9753761969904241	15.9849521203830369	0.5929	11
21	56	7.8522571819425445	11.1477428180574555	0.5867	12
21	59	9.5198358413132695	13.4678522571819425	0.5859	13
21	5	7.8946648426812585	11.094391244870041	0.5843	14
21	10	6.2612859097127223	8.7400820793433653	0.5826	15
21	76	8.0136798905608755	10.9616963064295486	0.5777	16
21	68	8.173734610123119	10.8194254445964432	0.5696	17
21	25	6.5266757865937073	8.4829001367989056	0.5652	18
21	27	6.5430916552667579	8.4473324213406293	0.5635	19
21	83	6.552158273381295	8.4460431654676259	0.5631	20
21	64	6.5813953488372093	8.4309165526675787	0.5616	21
21	77	11.5499316005471956	14.6210670314637483	0.5587	22
21	21	6.6580027359781122	8.3515731874145007	0.5564	23
21	80	6.6738056013179572	8.3113673805601318	0.5546	24
21	58	8.4787379972565158	10.5157750342935528	0.5536	25
21	4	4.920656634746922	6.0588235294117647	0.5518	26
21	42	6.7770177838577291	8.2202462380300958	0.5481	27
21	22	12.2147742818057456	14.6908344733242134	0.546	28
21	31	6.8352553542009885	8.1581548599670511	0.5441	29
21	13	6.8823529411764706	8.0984952120383037	0.5406	30
21	34	10.5581395348837209	12.3830369357045144	0.5398	31
21	33	6.9384404924760602	8.0492476060191518	0.5371	32
21	49	8.8002735978112175	10.1942544459644323	0.5367	33
21	14	8.8481532147742818	10.1491108071135431	0.5342	34
21	37	5.2421340629274966	5.7578659370725034	0.5234	35
21	23	7.1997264021887825	7.7948016415868673	0.5198	36
21	29	11.0807113543091655	11.905608755129959	0.5179	37
21	60	7.2626538987688098	7.7373461012311902	0.5158	38
21	24	7.2667578659370725	7.7496580027359781	0.5161	39
21	61	12.7633378932968536	13.4445964432284542	0.513	40
21	16	7.4076607387140903	7.5923392612859097	0.5062	41
21	6	7.4213406292749658	7.5786593707250342	0.5052	42
21	38	7.4240766073871409	7.5745554035567715	0.505	43
21	11	9.4240766073871409	9.5595075239398085	0.5036	44
21	28	11.4965800273597811	11.4911080711354309	0.4999	45
21	65	7.5540355677154583	7.439124487004104	0.4962	46
21	2	13.6114911080711354	13.3337893296853625	0.4948	47
21	66	9.5991792065663475	9.3638850889192886	0.4938	48
21	71	9.6238030095759234	9.3666210670314637	0.4932	49
21	84	7.6719056974459725	7.3163064833005894	0.4881	50
21	26	7.6867305061559508	7.3146374829001368	0.4876	51
21	57	7.7277701778385773	7.2735978112175103	0.4849	52
21	8	7.7305061559507524	7.240766073871409	0.4836	53
21	30	8.1053351573187415	6.8946648426812585	0.4596	54
21	12	10.2982216142270862	8.7277701778385773	0.4587	55
21	36	8.213406292749658	6.7948016415868673	0.4527	56
21	46	8.3173734610123119	6.6730506155950752	0.4452	57
21	9	8.4008207934336525	6.5813953488372093	0.4393	58
21	3	8.5718194254445964	6.4172366621067031	0.4281	59
21	35	6.2900136798905609	4.6963064295485636	0.4275	60
21	7	8.6730506155950752	6.3064295485636115	0.421	61
21	55	13.3561643835616438	9.6315068493150685	0.419	62
21	73	8.7771664374140303	6.2200825309491059	0.4147	63
21	74	13.1887824897400821	9.0013679890560876	0.4056	64
21	39	11.6497948016415869	7.3419972640218878	0.3866	65
21	69	14.3036935704514364	8.6963064295485636	0.3781	66
21	72	14.6607387140902873	8.3146374829001368	0.3619	67
21	54	9.9247606019151847	5.0738714090287278	0.3383	68
21	70	12.8153214774281806	6.1819425444596443	0.3254	69
21	50	15.86593707250342	7.0998632010943912	0.3091	70
22	62	5.9561643835616438	13.0095890410958904	0.686	1
22	45	4.8194254445964432	10.1764705882352941	0.6786	2
22	63	6.4539202200825309	12.5350756533700138	0.6601	3
22	75	6.5348837209302326	12.4377564979480164	0.6556	4
22	47	6.545827633378933	12.4404924760601915	0.6552	5
22	48	5.3228454172366621	9.667578659370725	0.6449	6
22	51	6.757201646090535	12.2441700960219479	0.6444	7
22	41	5.439124487004104	9.5512995896032832	0.6372	8
22	82	5.8495726495726496	9.1487179487179487	0.61	9
22	76	7.7154582763337893	11.253077975376197	0.5932	10
22	56	7.7893296853625171	11.2038303693570451	0.5899	11
22	32	4.5321252059308072	6.4563426688632619	0.5876	12
22	10	6.2311901504787962	8.7715458276333789	0.5847	13
22	5	7.8796169630642955	11.1053351573187415	0.585	14
22	67	11.2790697674418605	15.6867305061559508	0.5817	15
22	59	9.6019151846785226	13.3816689466484268	0.5822	16
22	68	8.1354309165526676	10.8577291381668947	0.5717	17
22	25	6.5157318741450068	8.4952120383036936	0.5659	18
22	27	6.5198358413132695	8.4705882352941176	0.5651	19
22	83	6.5773381294964029	8.4190647482014388	0.5614	20
22	77	11.5102599179206566	14.6662106703146375	0.5603	21
22	21	6.6689466484268126	8.3433652530779754	0.5558	22
22	64	6.6826265389876881	8.3228454172366621	0.5547	23
22	80	6.685337726523888	8.299835255354201	0.5539	24
22	58	8.4801097393689986	10.5116598079561043	0.5535	25
22	22	12.1819425444596443	14.7236662106703146	0.5472	26
22	42	6.8317373461012312	8.1668946648426813	0.5445	27
22	34	10.560875512995896	12.3734610123119015	0.5395	28
22	14	8.7441860465116279	10.2585499316005472	0.5398	29
22	13	6.905608755129959	8.079343365253078	0.5392	30
22	4	5.0752393980848153	5.9097127222982216	0.538	31
22	31	6.9341021416803954	8.0609555189456343	0.5376	32
22	33	6.9958960328317373	7.9917920656634747	0.5332	33
22	37	5.2421340629274966	5.759233926128591	0.5235	34
22	49	9.0656634746922025	9.9247606019151847	0.5226	35
22	29	11.0205198358413133	11.9658002735978112	0.5206	36
22	23	7.1969904240766074	7.7961696306429549	0.52	37
22	61	12.640218878248974	13.5704514363885089	0.5177	38
22	60	7.2366621067031464	7.7564979480164159	0.5173	39
22	24	7.2941176470588235	7.7332421340629275	0.5146	40
22	6	7.3816689466484268	7.6265389876880985	0.5082	41
22	28	11.3748290013679891	11.612859097127223	0.5052	42
22	11	9.4172366621067031	9.5690834473324213	0.504	43
22	38	7.4404924760601915	7.5581395348837209	0.5039	44
22	16	7.5225718194254446	7.4815321477428181	0.4986	45
22	2	13.4952120383036936	13.4500683994528044	0.4992	46
22	71	9.6388508891928865	9.3419972640218878	0.4922	47
22	26	7.692202462380301	7.3091655266757866	0.4872	48
22	65	7.7318741450068399	7.2681258549931601	0.4845	49
22	84	7.7170923379174853	7.2711198428290766	0.4851	50
22	8	7.7113543091655267	7.2585499316005472	0.4849	51
22	66	9.7811217510259918	9.186046511627907	0.4843	52
22	57	7.7797537619699042	7.2216142270861833	0.4814	53
22	12	10.2051983584131327	8.8030095759233926	0.4631	54
22	30	8.2051983584131327	6.8002735978112175	0.4532	55
22	36	8.2708618331053352	6.7318741450068399	0.4487	56
22	46	8.387140902872777	6.6019151846785226	0.4404	57
22	9	8.4555403556771546	6.5253077975376197	0.4356	58
22	3	8.5745554035567715	6.4158686730506156	0.428	59
22	35	6.3064295485636115	4.6826265389876881	0.4261	60
22	7	8.7127222982216142	6.2735978112175103	0.4186	61
22	55	13.3931506849315068	9.5863013698630137	0.4172	62
22	74	13.186046511627907	8.9986320109439124	0.4056	63
22	73	9.0743801652892562	5.9132231404958678	0.3945	64
22	39	11.7004103967168263	7.2982216142270862	0.3841	65
22	69	14.6224350205198358	8.399452804377565	0.3648	66
22	72	14.9069767441860465	8.0683994528043776	0.3512	67
22	54	10.2298221614227086	4.7688098495212038	0.3179	68
22	50	15.6894664842681259	7.2790697674418605	0.3169	69
22	70	13.106703146374829	5.905608755129959	0.3106	70
23	62	5.9123287671232877	13.0506849315068493	0.6882	1
23	45	4.7099863201094391	10.2872777017783858	0.6859	2
23	63	6.4319119669876204	12.5543328748280605	0.6612	3
23	47	6.4842681258549932	12.4965800273597811	0.6584	4
23	75	6.5143638850889193	12.4596443228454172	0.6567	5
23	48	5.2722298221614227	9.719562243502052	0.6483	6
23	51	6.7914951989026063	12.2098765432098765	0.6426	7
23	41	5.4035567715458276	9.5841313269493844	0.6395	8
23	82	5.8632478632478632	9.1384615384615385	0.6092	9
23	76	7.5512995896032832	11.4117647058823529	0.6018	10
23	56	7.7824897400820793	11.2093023255813953	0.5902	11
23	5	7.8823529411764706	11.1039671682626539	0.5848	12
23	10	6.2435020519835841	8.7564979480164159	0.5838	13
23	32	4.5864909390444811	6.3970345963756178	0.5824	14
23	59	9.6511627906976744	13.3365253077975376	0.5802	15
23	68	8.06703146374829	10.9247606019151847	0.5752	16
23	67	11.4582763337893297	15.4979480164158687	0.5749	17
23	25	6.4979480164158687	8.5184678522571819	0.5673	18
23	27	6.5307797537619699	8.4610123119015048	0.5644	19
23	83	6.5935251798561151	8.4028776978417266	0.5603	20
23	77	11.5417236662106703	14.6238030095759234	0.5589	21
23	21	6.6566347469220246	8.3488372093023256	0.5564	22
23	58	8.4595336076817558	10.5322359396433471	0.5546	23
23	80	6.6902800658978583	8.2948929159802306	0.5535	24
23	64	6.6853625170998632	8.3160054719562244	0.5543	25
23	22	12.1450068399452804	14.759233926128591	0.5486	26
23	14	8.5937072503419973	10.4062927496580027	0.5477	27
23	34	10.5471956224350205	12.3803009575923393	0.54	28
23	42	6.8905608755129959	8.1039671682626539	0.5405	29
23	13	6.9042407660738714	8.0807113543091655	0.5393	30
23	31	6.957166392092257	8.0362438220757825	0.536	31
23	33	7.0300957592339261	7.960328317373461	0.531	32
23	60	7.1135430916552668	7.880984952120383	0.5256	33
23	4	5.2270861833105335	5.759233926128591	0.5242	34
23	37	5.2462380300957592	5.7537619699042408	0.5231	35
23	29	10.9781121751025992	12.0068399452804378	0.5224	36
23	61	12.6210670314637483	13.5950752393980848	0.5186	37
23	23	7.2079343365253078	7.7893296853625171	0.5194	38
23	49	9.2079343365253078	9.7783857729138167	0.515	39
23	24	7.3132694938440492	7.7045143638850889	0.513	40
23	6	7.3584131326949384	7.6415868673050616	0.5094	41
23	28	11.3173734610123119	11.667578659370725	0.5076	42
23	38	7.4418604651162791	7.5567715458276334	0.5038	43
23	11	9.4158686730506156	9.573187414500684	0.5041	44
23	2	13.3652530779753762	13.5786593707250342	0.504	45
23	16	7.560875512995896	7.4418604651162791	0.496	46
23	71	9.707250341997264	9.2694938440492476	0.4885	47
23	26	7.6976744186046512	7.3023255813953488	0.4868	48
23	8	7.719562243502052	7.2462380300957592	0.4842	49
23	84	7.756385068762279	7.2337917485265226	0.4826	50
23	57	7.8194254445964432	7.1792065663474692	0.4787	51
23	65	7.8248974008207934	7.1696306429548564	0.4781	52
23	66	9.9261285909712722	9.0328317373461012	0.4764	53
23	12	10.1545827633378933	8.8741450068399453	0.4664	54
23	30	8.2229822161422709	6.7715458276333789	0.4516	55
23	36	8.2722298221614227	6.7264021887824897	0.4485	56
23	46	8.478796169630643	6.5034199726402189	0.4341	57
23	9	8.5430916552667579	6.4377564979480164	0.4297	58
23	3	8.5636114911080711	6.4254445964432285	0.4287	59
23	35	6.3160054719562244	4.6703146374829001	0.4251	60
23	7	8.7373461012311902	6.2489740082079343	0.417	61
23	55	13.436986301369863	9.5493150684931507	0.4154	62
23	74	13.2517099863201094	8.9357045143638851	0.4027	63
23	39	11.6251709986320109	7.3625170998632011	0.3878	64
23	73	9.2176308539944904	5.7741046831955923	0.3852	65
23	69	14.7564979480164159	8.2585499316005472	0.3588	66
23	72	15.0410396716826265	7.9261285909712722	0.3451	67
23	50	15.6292749658002736	7.3406292749658003	0.3196	68
23	70	13.186046511627907	5.8221614227086183	0.3063	69
23	54	10.4309165526675787	4.5622435020519836	0.3043	70
